material_id,en15978_module,reconfiguration,date_status,year,month,day,location_status,place,coordinates,what_happened,carbon_kgco2e,carbon_working,condition_after,contributor,approved,old_reconfiguration_number
PX-0001,A5,Yes,Known,2022,6,18,Known,"MIT, Cambridge, MA","42.3601, -71.0942",Alpha Prototype Beam,,,,Pixelframe team,TRUE,1
PX-0001,A5,Yes,Known,2022,11,15,Known,"MIT, Cambridge, MA","42.3601, -71.0942",Alpha Prototype Shear Test,,,,Pixelframe team,TRUE,3
PX-0002,A5,Yes,Known,2022,6,18,Known,"MIT, Cambridge, MA","42.3601, -71.0942",Alpha Prototype Beam,,,,Pixelframe team,TRUE,1
PX-0002,A5,Yes,Known,2022,11,15,Known,"MIT, Cambridge, MA","42.3601, -71.0942",Alpha Prototype Shear Test,,,,Pixelframe team,TRUE,3
PX-0002,C4,No,Approximate,2023,1,,Known,"MIT, Cambridge, MA","42.3601, -71.0942",Discarded (placeholder date),,,Retired,Pixelframe team,TRUE,
PX-0003,A5,Yes,Known,2022,6,18,Known,"MIT, Cambridge, MA","42.3601, -71.0942",Alpha Prototype Beam,,,,Pixelframe team,TRUE,1
PX-0003,A4,No,Known,2023,1,9,Known,Washington DC,"38.9072, -77.0369",Transported to Washington DC for Alpha Prototype Showcase Column,0.3382,700 km by truck; 0.1057 kgCO2e/kg x 3.2 kg,,Pixelframe team,TRUE,6
PX-0003,A5,Yes,Known,2023,1,9,Known,Washington DC,"38.9072, -77.0369",Alpha Prototype Showcase Column,,,,Pixelframe team,TRUE,6
PX-0003,C2,No,Approximate,2023,1,23,Known,"MIT, Cambridge, MA","42.3601, -71.0942",Returned by truck from Washington DC to MIT,0.3382,700 km by truck; 0.1057 kgCO2e/kg x 3.2 kg. Old Pixelframe truck rate (0.151 kgCO2e/tonne-km). About two weeks after the DC assembly; date approximate.,,Pixelframe team,TRUE,
PX-0003,A5,Yes,Known,2024,5,17,Known,"MIT, Cambridge, MA","42.3601, -71.0942",Alpha Prototype Exhibition Column,,,,Pixelframe team,TRUE,8
PX-0004,A5,Yes,Known,2022,6,18,Known,"MIT, Cambridge, MA","42.3601, -71.0942",Alpha Prototype Beam,,,,Pixelframe team,TRUE,1
PX-0005,A5,Yes,Known,2022,6,18,Known,"MIT, Cambridge, MA","42.3601, -71.0942",Alpha Prototype Beam,,,,Pixelframe team,TRUE,1
PX-0005,A5,Yes,Known,2022,11,15,Known,"MIT, Cambridge, MA","42.3601, -71.0942",Alpha Prototype Shear Test,,,,Pixelframe team,TRUE,3
PX-0005,A4,No,Known,2023,1,9,Known,Washington DC,"38.9072, -77.0369",Transported to Washington DC for Alpha Prototype Showcase Column,0.3382,700 km by truck; 0.1057 kgCO2e/kg x 3.2 kg,,Pixelframe team,TRUE,6
PX-0005,A5,Yes,Known,2023,1,9,Known,Washington DC,"38.9072, -77.0369",Alpha Prototype Showcase Column,,,,Pixelframe team,TRUE,6
PX-0005,C2,No,Approximate,2023,1,23,Known,"MIT, Cambridge, MA","42.3601, -71.0942",Returned by truck from Washington DC to MIT,0.3382,700 km by truck; 0.1057 kgCO2e/kg x 3.2 kg. Old Pixelframe truck rate (0.151 kgCO2e/tonne-km). About two weeks after the DC assembly; date approximate.,,Pixelframe team,TRUE,
PX-0006,A5,Yes,Known,2022,6,18,Known,"MIT, Cambridge, MA","42.3601, -71.0942",Alpha Prototype Beam,,,,Pixelframe team,TRUE,1
PX-0006,A4,No,Approximate,2025,2,,Known,"Woburn, MA","42.4793, -71.1523",Trucked from MIT to Woburn for crating and shipping,0.0077,16 km by truck; 0.002416 kgCO2e/kg x 3.2 kg. Old Pixelframe truck rate (0.151 kgCO2e/tonne-km). Date and distance approximate.,,Pixelframe team,TRUE,
PX-0006,A4,No,Approximate,2025,3,5,Known,Boston Logan Airport (BOS),"42.3656, -71.0096",Trucked from Woburn to Boston Logan Airport,0.0097,20 km by truck; 0.00302 kgCO2e/kg x 3.2 kg. Old Pixelframe truck rate (0.151 kgCO2e/tonne-km). Date and distance approximate.,,Pixelframe team,TRUE,
PX-0006,A4,No,Approximate,2025,3,12,Known,Venice Marco Polo Airport (VCE),"45.5053, 12.3519",Air freight from Boston to Venice,12.0269,"7074 km by air; 3.7584 kgCO2e/kg x 3.2 kg. UK Government GHG conversion factors 2025, air freight long-haul international: 0.5313 kgCO2e/tonne-km, without radiative forcing (0.899 with RF). Distance: ~6550 km great-circle Boston-Venice plus the 8% routing uplift the method specifies. Date approximate.",,Pixelframe team,TRUE,
PX-0006,A4,No,Approximate,2025,3,13,Known,"Arsenale, Venice","45.4348, 12.3510",By boat from the airport to the Arsenale,0.001,10 km by boat; 0.0003 kgCO2e/kg x 3.2 kg. Assumed inland-waterway rate of 0.03 kgCO2e/tonne-km. Date and distance approximate.,,Pixelframe team,TRUE,
PX-0006,A5,Yes,Known,2025,3,19,Known,"Arsenale, Venice","45.4348, 12.3510",Alpha Prototype Biennale Display Assembly,,,,Pixelframe team,TRUE,10
PX-0006,C2,No,Approximate,2025,10,,Known,"MIT, Cambridge, MA","42.3601, -71.0942",Returned by sea to MIT after the Venice Biennale,0.4198,8200 km by sea; 0.1312 kgCO2e/kg x 3.2 kg. Container ship at 0.016 kgCO2e/tonne-km (GHG Protocol / DEFRA average) over ~8200 km Venice-Boston. Distance approximate; to verify.,,Pixelframe team,TRUE,
PX-0006,A4,No,Approximate,2026,1,,Known,"University of Manitoba, Winnipeg (R3T 2N2)","49.8076, -97.1366","Transported by truck to the University of Manitoba, Winnipeg",1.4253,2950 km by truck; 0.4454 kgCO2e/kg x 3.2 kg. Old Pixelframe truck rate (0.1057 kgCO2e/kg per 700 km = 0.151 kgCO2e/tonne-km) over ~2950 km by road Cambridge-Winnipeg. Distance approximate; to verify.,,Pixelframe team,TRUE,
PX-0006,Storage,No,Approximate,2026,1,,Known,"University of Manitoba, Winnipeg (R3T 2N2)","49.8076, -97.1366",Stored at the University of Manitoba,,,,Pixelframe team,TRUE,
PX-0007,A5,Yes,Known,2022,6,18,Known,"MIT, Cambridge, MA","42.3601, -71.0942",Alpha Prototype Beam,,,,Pixelframe team,TRUE,1
PX-0007,C4,No,Approximate,2022,8,,Known,"MIT, Cambridge, MA","42.3601, -71.0942",Discarded (placeholder date),,,Retired,Pixelframe team,TRUE,
PX-0008,A5,Yes,Known,2022,6,18,Known,"MIT, Cambridge, MA","42.3601, -71.0942",Alpha Prototype Beam,,,,Pixelframe team,TRUE,1
PX-0008,C4,No,Approximate,2022,8,,Known,"MIT, Cambridge, MA","42.3601, -71.0942",Discarded (placeholder date),,,Retired,Pixelframe team,TRUE,
PX-0009,A5,Yes,Known,2022,6,18,Known,"MIT, Cambridge, MA","42.3601, -71.0942",Alpha Prototype Beam,,,,Pixelframe team,TRUE,1
PX-0009,A5,Yes,Known,2022,11,15,Known,"MIT, Cambridge, MA","42.3601, -71.0942",Alpha Prototype Shear Test,,,,Pixelframe team,TRUE,3
PX-0009,A4,No,Approximate,2025,2,,Known,"Woburn, MA","42.4793, -71.1523",Trucked from MIT to Woburn for crating and shipping,0.0077,16 km by truck; 0.002416 kgCO2e/kg x 3.2 kg. Old Pixelframe truck rate (0.151 kgCO2e/tonne-km). Date and distance approximate.,,Pixelframe team,TRUE,
PX-0009,A4,No,Approximate,2025,3,5,Known,Boston Logan Airport (BOS),"42.3656, -71.0096",Trucked from Woburn to Boston Logan Airport,0.0097,20 km by truck; 0.00302 kgCO2e/kg x 3.2 kg. Old Pixelframe truck rate (0.151 kgCO2e/tonne-km). Date and distance approximate.,,Pixelframe team,TRUE,
PX-0009,A4,No,Approximate,2025,3,12,Known,Venice Marco Polo Airport (VCE),"45.5053, 12.3519",Air freight from Boston to Venice,12.0269,"7074 km by air; 3.7584 kgCO2e/kg x 3.2 kg. UK Government GHG conversion factors 2025, air freight long-haul international: 0.5313 kgCO2e/tonne-km, without radiative forcing (0.899 with RF). Distance: ~6550 km great-circle Boston-Venice plus the 8% routing uplift the method specifies. Date approximate.",,Pixelframe team,TRUE,
PX-0009,A4,No,Approximate,2025,3,13,Known,"Arsenale, Venice","45.4348, 12.3510",By boat from the airport to the Arsenale,0.001,10 km by boat; 0.0003 kgCO2e/kg x 3.2 kg. Assumed inland-waterway rate of 0.03 kgCO2e/tonne-km. Date and distance approximate.,,Pixelframe team,TRUE,
PX-0009,A5,Yes,Known,2025,3,19,Known,"Arsenale, Venice","45.4348, 12.3510",Alpha Prototype Biennale Display Assembly,,,,Pixelframe team,TRUE,10
PX-0009,C2,No,Approximate,2025,10,,Known,"MIT, Cambridge, MA","42.3601, -71.0942",Returned by sea to MIT after the Venice Biennale,0.4198,8200 km by sea; 0.1312 kgCO2e/kg x 3.2 kg. Container ship at 0.016 kgCO2e/tonne-km (GHG Protocol / DEFRA average) over ~8200 km Venice-Boston. Distance approximate; to verify.,,Pixelframe team,TRUE,
PX-0009,A4,No,Approximate,2026,1,,Known,"University of Manitoba, Winnipeg (R3T 2N2)","49.8076, -97.1366","Transported by truck to the University of Manitoba, Winnipeg",1.4253,2950 km by truck; 0.4454 kgCO2e/kg x 3.2 kg. Old Pixelframe truck rate (0.1057 kgCO2e/kg per 700 km = 0.151 kgCO2e/tonne-km) over ~2950 km by road Cambridge-Winnipeg. Distance approximate; to verify.,,Pixelframe team,TRUE,
PX-0009,Storage,No,Approximate,2026,1,,Known,"University of Manitoba, Winnipeg (R3T 2N2)","49.8076, -97.1366",Stored at the University of Manitoba,,,,Pixelframe team,TRUE,
PX-0010,A5,Yes,Known,2022,6,18,Known,"MIT, Cambridge, MA","42.3601, -71.0942",Alpha Prototype Beam,,,,Pixelframe team,TRUE,1
PX-0010,A4,No,Approximate,2025,2,,Known,"Woburn, MA","42.4793, -71.1523",Trucked from MIT to Woburn for crating and shipping,0.0077,16 km by truck; 0.002416 kgCO2e/kg x 3.2 kg. Old Pixelframe truck rate (0.151 kgCO2e/tonne-km). Date and distance approximate.,,Pixelframe team,TRUE,
PX-0010,A4,No,Approximate,2025,3,5,Known,Boston Logan Airport (BOS),"42.3656, -71.0096",Trucked from Woburn to Boston Logan Airport,0.0097,20 km by truck; 0.00302 kgCO2e/kg x 3.2 kg. Old Pixelframe truck rate (0.151 kgCO2e/tonne-km). Date and distance approximate.,,Pixelframe team,TRUE,
PX-0010,A4,No,Approximate,2025,3,12,Known,Venice Marco Polo Airport (VCE),"45.5053, 12.3519",Air freight from Boston to Venice,12.0269,"7074 km by air; 3.7584 kgCO2e/kg x 3.2 kg. UK Government GHG conversion factors 2025, air freight long-haul international: 0.5313 kgCO2e/tonne-km, without radiative forcing (0.899 with RF). Distance: ~6550 km great-circle Boston-Venice plus the 8% routing uplift the method specifies. Date approximate.",,Pixelframe team,TRUE,
PX-0010,A4,No,Approximate,2025,3,13,Known,"Arsenale, Venice","45.4348, 12.3510",By boat from the airport to the Arsenale,0.001,10 km by boat; 0.0003 kgCO2e/kg x 3.2 kg. Assumed inland-waterway rate of 0.03 kgCO2e/tonne-km. Date and distance approximate.,,Pixelframe team,TRUE,
PX-0010,A5,Yes,Known,2025,3,19,Known,"Arsenale, Venice","45.4348, 12.3510",Alpha Prototype Biennale Display Assembly,,,,Pixelframe team,TRUE,10
PX-0010,C2,No,Approximate,2025,10,,Known,"MIT, Cambridge, MA","42.3601, -71.0942",Returned by sea to MIT after the Venice Biennale,0.4198,8200 km by sea; 0.1312 kgCO2e/kg x 3.2 kg. Container ship at 0.016 kgCO2e/tonne-km (GHG Protocol / DEFRA average) over ~8200 km Venice-Boston. Distance approximate; to verify.,,Pixelframe team,TRUE,
PX-0010,A4,No,Approximate,2026,1,,Known,"University of Manitoba, Winnipeg (R3T 2N2)","49.8076, -97.1366","Transported by truck to the University of Manitoba, Winnipeg",1.4253,2950 km by truck; 0.4454 kgCO2e/kg x 3.2 kg. Old Pixelframe truck rate (0.1057 kgCO2e/kg per 700 km = 0.151 kgCO2e/tonne-km) over ~2950 km by road Cambridge-Winnipeg. Distance approximate; to verify.,,Pixelframe team,TRUE,
PX-0010,Storage,No,Approximate,2026,1,,Known,"University of Manitoba, Winnipeg (R3T 2N2)","49.8076, -97.1366",Stored at the University of Manitoba,,,,Pixelframe team,TRUE,
PX-0010,C4,No,Approximate,2026,3,,Known,"University of Manitoba, Winnipeg (R3T 2N2)","49.8076, -97.1366",Discarded (placeholder date),,,Retired,Pixelframe team,TRUE,
PX-0011,A5,Yes,Known,2022,6,18,Known,"MIT, Cambridge, MA","42.3601, -71.0942",Alpha Prototype Beam,,,,Pixelframe team,TRUE,1
PX-0012,A5,Yes,Known,2022,6,18,Known,"MIT, Cambridge, MA","42.3601, -71.0942",Alpha Prototype Beam,,,,Pixelframe team,TRUE,1
PX-0012,A5,Yes,Known,2022,11,15,Known,"MIT, Cambridge, MA","42.3601, -71.0942",Alpha Prototype Shear Test,,,,Pixelframe team,TRUE,3
PX-0013,A5,Yes,Known,2022,7,18,Known,"MIT, Cambridge, MA","42.3601, -71.0942",Alpha Prototype Column,,,,Pixelframe team,TRUE,2
PX-0013,A5,Yes,Known,2022,11,15,Known,"MIT, Cambridge, MA","42.3601, -71.0942",Alpha Prototype Shear Test,,,,Pixelframe team,TRUE,3
PX-0013,A4,No,Known,2023,1,9,Known,Washington DC,"38.9072, -77.0369",Transported to Washington DC for Alpha Prototype Showcase Column,0.3382,700 km by truck; 0.1057 kgCO2e/kg x 3.2 kg,,Pixelframe team,TRUE,6
PX-0013,A5,Yes,Known,2023,1,9,Known,Washington DC,"38.9072, -77.0369",Alpha Prototype Showcase Column,,,,Pixelframe team,TRUE,6
PX-0013,C2,No,Approximate,2023,1,23,Known,"MIT, Cambridge, MA","42.3601, -71.0942",Returned by truck from Washington DC to MIT,0.3382,700 km by truck; 0.1057 kgCO2e/kg x 3.2 kg. Old Pixelframe truck rate (0.151 kgCO2e/tonne-km). About two weeks after the DC assembly; date approximate.,,Pixelframe team,TRUE,
PX-0013,C4,No,Approximate,2023,3,,Known,"MIT, Cambridge, MA","42.3601, -71.0942",Discarded (placeholder date),,,Retired,Pixelframe team,TRUE,
PX-0014,A5,Yes,Known,2022,6,18,Known,"MIT, Cambridge, MA","42.3601, -71.0942",Alpha Prototype Beam,,,,Pixelframe team,TRUE,1
PX-0014,A5,Yes,Known,2024,5,17,Known,"MIT, Cambridge, MA","42.3601, -71.0942",Alpha Prototype Exhibition Column,,,,Pixelframe team,TRUE,8
PX-0015,A5,Yes,Known,2022,7,18,Known,"MIT, Cambridge, MA","42.3601, -71.0942",Alpha Prototype Column,,,,Pixelframe team,TRUE,2
PX-0015,A5,Yes,Known,2022,11,15,Known,"MIT, Cambridge, MA","42.3601, -71.0942",Alpha Prototype Shear Test,,,,Pixelframe team,TRUE,3
PX-0015,A4,No,Known,2023,1,9,Known,Washington DC,"38.9072, -77.0369",Transported to Washington DC for Alpha Prototype Showcase Column,0.3382,700 km by truck; 0.1057 kgCO2e/kg x 3.2 kg,,Pixelframe team,TRUE,6
PX-0015,A5,Yes,Known,2023,1,9,Known,Washington DC,"38.9072, -77.0369",Alpha Prototype Showcase Column,,,,Pixelframe team,TRUE,6
PX-0015,C2,No,Approximate,2023,1,23,Known,"MIT, Cambridge, MA","42.3601, -71.0942",Returned by truck from Washington DC to MIT,0.3382,700 km by truck; 0.1057 kgCO2e/kg x 3.2 kg. Old Pixelframe truck rate (0.151 kgCO2e/tonne-km). About two weeks after the DC assembly; date approximate.,,Pixelframe team,TRUE,
PX-0015,C4,No,Approximate,2023,3,,Known,"MIT, Cambridge, MA","42.3601, -71.0942",Discarded (placeholder date),,,Retired,Pixelframe team,TRUE,
PX-0016,A5,Yes,Known,2022,7,18,Known,"MIT, Cambridge, MA","42.3601, -71.0942",Alpha Prototype Column,,,,Pixelframe team,TRUE,2
PX-0016,A5,Yes,Known,2022,11,15,Known,"MIT, Cambridge, MA","42.3601, -71.0942",Alpha Prototype Shear Test,,,,Pixelframe team,TRUE,3
PX-0016,A4,No,Approximate,2025,2,,Known,"Woburn, MA","42.4793, -71.1523",Trucked from MIT to Woburn for crating and shipping,0.0077,16 km by truck; 0.002416 kgCO2e/kg x 3.2 kg. Old Pixelframe truck rate (0.151 kgCO2e/tonne-km). Date and distance approximate.,,Pixelframe team,TRUE,
PX-0016,A4,No,Approximate,2025,3,5,Known,Boston Logan Airport (BOS),"42.3656, -71.0096",Trucked from Woburn to Boston Logan Airport,0.0097,20 km by truck; 0.00302 kgCO2e/kg x 3.2 kg. Old Pixelframe truck rate (0.151 kgCO2e/tonne-km). Date and distance approximate.,,Pixelframe team,TRUE,
PX-0016,A4,No,Approximate,2025,3,12,Known,Venice Marco Polo Airport (VCE),"45.5053, 12.3519",Air freight from Boston to Venice,12.0269,"7074 km by air; 3.7584 kgCO2e/kg x 3.2 kg. UK Government GHG conversion factors 2025, air freight long-haul international: 0.5313 kgCO2e/tonne-km, without radiative forcing (0.899 with RF). Distance: ~6550 km great-circle Boston-Venice plus the 8% routing uplift the method specifies. Date approximate.",,Pixelframe team,TRUE,
PX-0016,A4,No,Approximate,2025,3,13,Known,"Arsenale, Venice","45.4348, 12.3510",By boat from the airport to the Arsenale,0.001,10 km by boat; 0.0003 kgCO2e/kg x 3.2 kg. Assumed inland-waterway rate of 0.03 kgCO2e/tonne-km. Date and distance approximate.,,Pixelframe team,TRUE,
PX-0016,A5,Yes,Known,2025,3,19,Known,"Arsenale, Venice","45.4348, 12.3510",Alpha Prototype Biennale Display Assembly,,,,Pixelframe team,TRUE,10
PX-0016,C2,No,Approximate,2025,10,,Known,"MIT, Cambridge, MA","42.3601, -71.0942",Returned by sea to MIT after the Venice Biennale,0.4198,8200 km by sea; 0.1312 kgCO2e/kg x 3.2 kg. Container ship at 0.016 kgCO2e/tonne-km (GHG Protocol / DEFRA average) over ~8200 km Venice-Boston. Distance approximate; to verify.,,Pixelframe team,TRUE,
PX-0016,A4,No,Approximate,2026,1,,Known,"University of Manitoba, Winnipeg (R3T 2N2)","49.8076, -97.1366","Transported by truck to the University of Manitoba, Winnipeg",1.4253,2950 km by truck; 0.4454 kgCO2e/kg x 3.2 kg. Old Pixelframe truck rate (0.1057 kgCO2e/kg per 700 km = 0.151 kgCO2e/tonne-km) over ~2950 km by road Cambridge-Winnipeg. Distance approximate; to verify.,,Pixelframe team,TRUE,
PX-0016,Storage,No,Approximate,2026,1,,Known,"University of Manitoba, Winnipeg (R3T 2N2)","49.8076, -97.1366",Stored at the University of Manitoba,,,,Pixelframe team,TRUE,
PX-0017,A5,Yes,Known,2022,7,18,Known,"MIT, Cambridge, MA","42.3601, -71.0942",Alpha Prototype Column,,,,Pixelframe team,TRUE,2
PX-0017,A4,No,Known,2023,1,9,Known,Washington DC,"38.9072, -77.0369",Transported to Washington DC for Alpha Prototype Showcase Column,0.3382,700 km by truck; 0.1057 kgCO2e/kg x 3.2 kg,,Pixelframe team,TRUE,6
PX-0017,A5,Yes,Known,2023,1,9,Known,Washington DC,"38.9072, -77.0369",Alpha Prototype Showcase Column,,,,Pixelframe team,TRUE,6
PX-0017,C2,No,Approximate,2023,1,23,Known,"MIT, Cambridge, MA","42.3601, -71.0942",Returned by truck from Washington DC to MIT,0.3382,700 km by truck; 0.1057 kgCO2e/kg x 3.2 kg. Old Pixelframe truck rate (0.151 kgCO2e/tonne-km). About two weeks after the DC assembly; date approximate.,,Pixelframe team,TRUE,
PX-0017,A5,Yes,Known,2024,5,17,Known,"MIT, Cambridge, MA","42.3601, -71.0942",Alpha Prototype Exhibition Column,,,,Pixelframe team,TRUE,8
PX-0018,A5,Yes,Known,2022,7,18,Known,"MIT, Cambridge, MA","42.3601, -71.0942",Alpha Prototype Column,,,,Pixelframe team,TRUE,2
PX-0018,A5,Yes,Known,2024,5,17,Known,"MIT, Cambridge, MA","42.3601, -71.0942",Alpha Prototype Exhibition Column,,,,Pixelframe team,TRUE,8
PX-0018,A4,No,Approximate,2025,2,,Known,"Woburn, MA","42.4793, -71.1523",Trucked from MIT to Woburn for crating and shipping,0.0077,16 km by truck; 0.002416 kgCO2e/kg x 3.2 kg. Old Pixelframe truck rate (0.151 kgCO2e/tonne-km). Date and distance approximate.,,Pixelframe team,TRUE,
PX-0018,A4,No,Approximate,2025,3,5,Known,Boston Logan Airport (BOS),"42.3656, -71.0096",Trucked from Woburn to Boston Logan Airport,0.0097,20 km by truck; 0.00302 kgCO2e/kg x 3.2 kg. Old Pixelframe truck rate (0.151 kgCO2e/tonne-km). Date and distance approximate.,,Pixelframe team,TRUE,
PX-0018,A4,No,Approximate,2025,3,12,Known,Venice Marco Polo Airport (VCE),"45.5053, 12.3519",Air freight from Boston to Venice,12.0269,"7074 km by air; 3.7584 kgCO2e/kg x 3.2 kg. UK Government GHG conversion factors 2025, air freight long-haul international: 0.5313 kgCO2e/tonne-km, without radiative forcing (0.899 with RF). Distance: ~6550 km great-circle Boston-Venice plus the 8% routing uplift the method specifies. Date approximate.",,Pixelframe team,TRUE,
PX-0018,A4,No,Approximate,2025,3,13,Known,"Arsenale, Venice","45.4348, 12.3510",By boat from the airport to the Arsenale,0.001,10 km by boat; 0.0003 kgCO2e/kg x 3.2 kg. Assumed inland-waterway rate of 0.03 kgCO2e/tonne-km. Date and distance approximate.,,Pixelframe team,TRUE,
PX-0018,A5,Yes,Known,2025,3,19,Known,"Arsenale, Venice","45.4348, 12.3510",Alpha Prototype Biennale Display Assembly,,,,Pixelframe team,TRUE,10
PX-0018,C2,No,Approximate,2025,10,,Known,"MIT, Cambridge, MA","42.3601, -71.0942",Returned by sea to MIT after the Venice Biennale,0.4198,8200 km by sea; 0.1312 kgCO2e/kg x 3.2 kg. Container ship at 0.016 kgCO2e/tonne-km (GHG Protocol / DEFRA average) over ~8200 km Venice-Boston. Distance approximate; to verify.,,Pixelframe team,TRUE,
PX-0018,A4,No,Approximate,2026,1,,Known,"University of Manitoba, Winnipeg (R3T 2N2)","49.8076, -97.1366","Transported by truck to the University of Manitoba, Winnipeg",1.4253,2950 km by truck; 0.4454 kgCO2e/kg x 3.2 kg. Old Pixelframe truck rate (0.1057 kgCO2e/kg per 700 km = 0.151 kgCO2e/tonne-km) over ~2950 km by road Cambridge-Winnipeg. Distance approximate; to verify.,,Pixelframe team,TRUE,
PX-0018,Storage,No,Approximate,2026,1,,Known,"University of Manitoba, Winnipeg (R3T 2N2)","49.8076, -97.1366",Stored at the University of Manitoba,,,,Pixelframe team,TRUE,
PX-0018,C4,No,Approximate,2026,3,,Known,"University of Manitoba, Winnipeg (R3T 2N2)","49.8076, -97.1366",Discarded (placeholder date),,,Retired,Pixelframe team,TRUE,
PX-0019,A5,Yes,Known,2022,7,18,Known,"MIT, Cambridge, MA","42.3601, -71.0942",Alpha Prototype Column,,,,Pixelframe team,TRUE,2
PX-0019,A5,Yes,Known,2022,11,15,Known,"MIT, Cambridge, MA","42.3601, -71.0942",Alpha Prototype Shear Test,,,,Pixelframe team,TRUE,3
PX-0019,A4,No,Known,2023,1,9,Known,Washington DC,"38.9072, -77.0369",Transported to Washington DC for Alpha Prototype Showcase Column,0.3382,700 km by truck; 0.1057 kgCO2e/kg x 3.2 kg,,Pixelframe team,TRUE,6
PX-0019,A5,Yes,Known,2023,1,9,Known,Washington DC,"38.9072, -77.0369",Alpha Prototype Showcase Column,,,,Pixelframe team,TRUE,6
PX-0019,C2,No,Approximate,2023,1,23,Known,"MIT, Cambridge, MA","42.3601, -71.0942",Returned by truck from Washington DC to MIT,0.3382,700 km by truck; 0.1057 kgCO2e/kg x 3.2 kg. Old Pixelframe truck rate (0.151 kgCO2e/tonne-km). About two weeks after the DC assembly; date approximate.,,Pixelframe team,TRUE,
PX-0020,A5,Yes,Known,2022,6,18,Known,"MIT, Cambridge, MA","42.3601, -71.0942",Alpha Prototype Beam,,,,Pixelframe team,TRUE,1
PX-0020,A5,Yes,Known,2022,11,15,Known,"MIT, Cambridge, MA","42.3601, -71.0942",Alpha Prototype Shear Test,,,,Pixelframe team,TRUE,3
PX-0021,A5,Yes,Known,2022,6,18,Known,"MIT, Cambridge, MA","42.3601, -71.0942",Alpha Prototype Beam,,,,Pixelframe team,TRUE,1
PX-0021,A5,Yes,Known,2022,11,15,Known,"MIT, Cambridge, MA","42.3601, -71.0942",Alpha Prototype Shear Test,,,,Pixelframe team,TRUE,3
PX-0021,A4,No,Known,2023,1,9,Known,Washington DC,"38.9072, -77.0369",Transported to Washington DC for Alpha Prototype Showcase Column,0.3382,700 km by truck; 0.1057 kgCO2e/kg x 3.2 kg,,Pixelframe team,TRUE,6
PX-0021,A5,Yes,Known,2023,1,9,Known,Washington DC,"38.9072, -77.0369",Alpha Prototype Showcase Column,,,,Pixelframe team,TRUE,6
PX-0021,C2,No,Approximate,2023,1,23,Known,"MIT, Cambridge, MA","42.3601, -71.0942",Returned by truck from Washington DC to MIT,0.3382,700 km by truck; 0.1057 kgCO2e/kg x 3.2 kg. Old Pixelframe truck rate (0.151 kgCO2e/tonne-km). About two weeks after the DC assembly; date approximate.,,Pixelframe team,TRUE,
PX-0021,A4,No,Approximate,2025,2,,Known,"Woburn, MA","42.4793, -71.1523",Trucked from MIT to Woburn for crating and shipping,0.0077,16 km by truck; 0.002416 kgCO2e/kg x 3.2 kg. Old Pixelframe truck rate (0.151 kgCO2e/tonne-km). Date and distance approximate.,,Pixelframe team,TRUE,
PX-0021,A4,No,Approximate,2025,3,5,Known,Boston Logan Airport (BOS),"42.3656, -71.0096",Trucked from Woburn to Boston Logan Airport,0.0097,20 km by truck; 0.00302 kgCO2e/kg x 3.2 kg. Old Pixelframe truck rate (0.151 kgCO2e/tonne-km). Date and distance approximate.,,Pixelframe team,TRUE,
PX-0021,A4,No,Approximate,2025,3,12,Known,Venice Marco Polo Airport (VCE),"45.5053, 12.3519",Air freight from Boston to Venice,12.0269,"7074 km by air; 3.7584 kgCO2e/kg x 3.2 kg. UK Government GHG conversion factors 2025, air freight long-haul international: 0.5313 kgCO2e/tonne-km, without radiative forcing (0.899 with RF). Distance: ~6550 km great-circle Boston-Venice plus the 8% routing uplift the method specifies. Date approximate.",,Pixelframe team,TRUE,
PX-0021,A4,No,Approximate,2025,3,13,Known,"Arsenale, Venice","45.4348, 12.3510",By boat from the airport to the Arsenale,0.001,10 km by boat; 0.0003 kgCO2e/kg x 3.2 kg. Assumed inland-waterway rate of 0.03 kgCO2e/tonne-km. Date and distance approximate.,,Pixelframe team,TRUE,
PX-0021,A5,Yes,Known,2025,3,19,Known,"Arsenale, Venice","45.4348, 12.3510",Alpha Prototype Biennale Display Assembly,,,,Pixelframe team,TRUE,10
PX-0021,C2,No,Approximate,2025,10,,Known,"MIT, Cambridge, MA","42.3601, -71.0942",Returned by sea to MIT after the Venice Biennale,0.4198,8200 km by sea; 0.1312 kgCO2e/kg x 3.2 kg. Container ship at 0.016 kgCO2e/tonne-km (GHG Protocol / DEFRA average) over ~8200 km Venice-Boston. Distance approximate; to verify.,,Pixelframe team,TRUE,
PX-0021,A4,No,Approximate,2026,1,,Known,"University of Manitoba, Winnipeg (R3T 2N2)","49.8076, -97.1366","Transported by truck to the University of Manitoba, Winnipeg",1.4253,2950 km by truck; 0.4454 kgCO2e/kg x 3.2 kg. Old Pixelframe truck rate (0.1057 kgCO2e/kg per 700 km = 0.151 kgCO2e/tonne-km) over ~2950 km by road Cambridge-Winnipeg. Distance approximate; to verify.,,Pixelframe team,TRUE,
PX-0021,Storage,No,Approximate,2026,1,,Known,"University of Manitoba, Winnipeg (R3T 2N2)","49.8076, -97.1366",Stored at the University of Manitoba,,,,Pixelframe team,TRUE,
PX-0021,C4,No,Approximate,2026,3,,Known,"University of Manitoba, Winnipeg (R3T 2N2)","49.8076, -97.1366",Discarded (placeholder date),,,Retired,Pixelframe team,TRUE,
PX-0022,A5,Yes,Known,2022,6,18,Known,"MIT, Cambridge, MA","42.3601, -71.0942",Alpha Prototype Beam,,,,Pixelframe team,TRUE,1
PX-0022,A5,Yes,Known,2022,11,15,Known,"MIT, Cambridge, MA","42.3601, -71.0942",Alpha Prototype Shear Test,,,,Pixelframe team,TRUE,3
PX-0022,A4,No,Approximate,2025,2,,Known,"Woburn, MA","42.4793, -71.1523",Trucked from MIT to Woburn for crating and shipping,0.0077,16 km by truck; 0.002416 kgCO2e/kg x 3.2 kg. Old Pixelframe truck rate (0.151 kgCO2e/tonne-km). Date and distance approximate.,,Pixelframe team,TRUE,
PX-0022,A4,No,Approximate,2025,3,5,Known,Boston Logan Airport (BOS),"42.3656, -71.0096",Trucked from Woburn to Boston Logan Airport,0.0097,20 km by truck; 0.00302 kgCO2e/kg x 3.2 kg. Old Pixelframe truck rate (0.151 kgCO2e/tonne-km). Date and distance approximate.,,Pixelframe team,TRUE,
PX-0022,A4,No,Approximate,2025,3,12,Known,Venice Marco Polo Airport (VCE),"45.5053, 12.3519",Air freight from Boston to Venice,12.0269,"7074 km by air; 3.7584 kgCO2e/kg x 3.2 kg. UK Government GHG conversion factors 2025, air freight long-haul international: 0.5313 kgCO2e/tonne-km, without radiative forcing (0.899 with RF). Distance: ~6550 km great-circle Boston-Venice plus the 8% routing uplift the method specifies. Date approximate.",,Pixelframe team,TRUE,
PX-0022,A4,No,Approximate,2025,3,13,Known,"Arsenale, Venice","45.4348, 12.3510",By boat from the airport to the Arsenale,0.001,10 km by boat; 0.0003 kgCO2e/kg x 3.2 kg. Assumed inland-waterway rate of 0.03 kgCO2e/tonne-km. Date and distance approximate.,,Pixelframe team,TRUE,
PX-0022,A5,Yes,Known,2025,3,19,Known,"Arsenale, Venice","45.4348, 12.3510",Alpha Prototype Biennale Display Assembly,,,,Pixelframe team,TRUE,10
PX-0022,C2,No,Approximate,2025,10,,Known,"MIT, Cambridge, MA","42.3601, -71.0942",Returned by sea to MIT after the Venice Biennale,0.4198,8200 km by sea; 0.1312 kgCO2e/kg x 3.2 kg. Container ship at 0.016 kgCO2e/tonne-km (GHG Protocol / DEFRA average) over ~8200 km Venice-Boston. Distance approximate; to verify.,,Pixelframe team,TRUE,
PX-0022,A4,No,Approximate,2026,1,,Known,"University of Manitoba, Winnipeg (R3T 2N2)","49.8076, -97.1366","Transported by truck to the University of Manitoba, Winnipeg",1.4253,2950 km by truck; 0.4454 kgCO2e/kg x 3.2 kg. Old Pixelframe truck rate (0.1057 kgCO2e/kg per 700 km = 0.151 kgCO2e/tonne-km) over ~2950 km by road Cambridge-Winnipeg. Distance approximate; to verify.,,Pixelframe team,TRUE,
PX-0022,Storage,No,Approximate,2026,1,,Known,"University of Manitoba, Winnipeg (R3T 2N2)","49.8076, -97.1366",Stored at the University of Manitoba,,,,Pixelframe team,TRUE,
PX-0023,A5,Yes,Known,2022,6,18,Known,"MIT, Cambridge, MA","42.3601, -71.0942",Alpha Prototype Beam,,,,Pixelframe team,TRUE,1
PX-0023,A5,Yes,Known,2024,5,17,Known,"MIT, Cambridge, MA","42.3601, -71.0942",Alpha Prototype Exhibition Column,,,,Pixelframe team,TRUE,8
PX-0023,A4,No,Approximate,2025,2,,Known,"Woburn, MA","42.4793, -71.1523",Trucked from MIT to Woburn for crating and shipping,0.0077,16 km by truck; 0.002416 kgCO2e/kg x 3.2 kg. Old Pixelframe truck rate (0.151 kgCO2e/tonne-km). Date and distance approximate.,,Pixelframe team,TRUE,
PX-0023,A4,No,Approximate,2025,3,5,Known,Boston Logan Airport (BOS),"42.3656, -71.0096",Trucked from Woburn to Boston Logan Airport,0.0097,20 km by truck; 0.00302 kgCO2e/kg x 3.2 kg. Old Pixelframe truck rate (0.151 kgCO2e/tonne-km). Date and distance approximate.,,Pixelframe team,TRUE,
PX-0023,A4,No,Approximate,2025,3,12,Known,Venice Marco Polo Airport (VCE),"45.5053, 12.3519",Air freight from Boston to Venice,12.0269,"7074 km by air; 3.7584 kgCO2e/kg x 3.2 kg. UK Government GHG conversion factors 2025, air freight long-haul international: 0.5313 kgCO2e/tonne-km, without radiative forcing (0.899 with RF). Distance: ~6550 km great-circle Boston-Venice plus the 8% routing uplift the method specifies. Date approximate.",,Pixelframe team,TRUE,
PX-0023,A4,No,Approximate,2025,3,13,Known,"Arsenale, Venice","45.4348, 12.3510",By boat from the airport to the Arsenale,0.001,10 km by boat; 0.0003 kgCO2e/kg x 3.2 kg. Assumed inland-waterway rate of 0.03 kgCO2e/tonne-km. Date and distance approximate.,,Pixelframe team,TRUE,
PX-0023,A5,Yes,Known,2025,3,19,Known,"Arsenale, Venice","45.4348, 12.3510",Alpha Prototype Biennale Display Assembly,,,,Pixelframe team,TRUE,10
PX-0023,C2,No,Approximate,2025,10,,Known,"MIT, Cambridge, MA","42.3601, -71.0942",Returned by sea to MIT after the Venice Biennale,0.4198,8200 km by sea; 0.1312 kgCO2e/kg x 3.2 kg. Container ship at 0.016 kgCO2e/tonne-km (GHG Protocol / DEFRA average) over ~8200 km Venice-Boston. Distance approximate; to verify.,,Pixelframe team,TRUE,
PX-0023,A4,No,Approximate,2026,1,,Known,"University of Manitoba, Winnipeg (R3T 2N2)","49.8076, -97.1366","Transported by truck to the University of Manitoba, Winnipeg",1.4253,2950 km by truck; 0.4454 kgCO2e/kg x 3.2 kg. Old Pixelframe truck rate (0.1057 kgCO2e/kg per 700 km = 0.151 kgCO2e/tonne-km) over ~2950 km by road Cambridge-Winnipeg. Distance approximate; to verify.,,Pixelframe team,TRUE,
PX-0023,Storage,No,Approximate,2026,1,,Known,"University of Manitoba, Winnipeg (R3T 2N2)","49.8076, -97.1366",Stored at the University of Manitoba,,,,Pixelframe team,TRUE,
PX-0024,A5,Yes,Known,2022,6,18,Known,"MIT, Cambridge, MA","42.3601, -71.0942",Alpha Prototype Beam,,,,Pixelframe team,TRUE,1
PX-0024,A4,No,Approximate,2025,2,,Known,"Woburn, MA","42.4793, -71.1523",Trucked from MIT to Woburn for crating and shipping,0.0077,16 km by truck; 0.002416 kgCO2e/kg x 3.2 kg. Old Pixelframe truck rate (0.151 kgCO2e/tonne-km). Date and distance approximate.,,Pixelframe team,TRUE,
PX-0024,A4,No,Approximate,2025,3,5,Known,Boston Logan Airport (BOS),"42.3656, -71.0096",Trucked from Woburn to Boston Logan Airport,0.0097,20 km by truck; 0.00302 kgCO2e/kg x 3.2 kg. Old Pixelframe truck rate (0.151 kgCO2e/tonne-km). Date and distance approximate.,,Pixelframe team,TRUE,
PX-0024,A4,No,Approximate,2025,3,12,Known,Venice Marco Polo Airport (VCE),"45.5053, 12.3519",Air freight from Boston to Venice,12.0269,"7074 km by air; 3.7584 kgCO2e/kg x 3.2 kg. UK Government GHG conversion factors 2025, air freight long-haul international: 0.5313 kgCO2e/tonne-km, without radiative forcing (0.899 with RF). Distance: ~6550 km great-circle Boston-Venice plus the 8% routing uplift the method specifies. Date approximate.",,Pixelframe team,TRUE,
PX-0024,A4,No,Approximate,2025,3,13,Known,"Arsenale, Venice","45.4348, 12.3510",By boat from the airport to the Arsenale,0.001,10 km by boat; 0.0003 kgCO2e/kg x 3.2 kg. Assumed inland-waterway rate of 0.03 kgCO2e/tonne-km. Date and distance approximate.,,Pixelframe team,TRUE,
PX-0024,A5,Yes,Known,2025,3,19,Known,"Arsenale, Venice","45.4348, 12.3510",Beta Prototype Biennale Beam,,,,Pixelframe team,TRUE,9
PX-0024,C2,No,Approximate,2025,10,,Known,"MIT, Cambridge, MA","42.3601, -71.0942",Returned by sea to MIT after the Venice Biennale,0.4198,8200 km by sea; 0.1312 kgCO2e/kg x 3.2 kg. Container ship at 0.016 kgCO2e/tonne-km (GHG Protocol / DEFRA average) over ~8200 km Venice-Boston. Distance approximate; to verify.,,Pixelframe team,TRUE,
PX-0024,A4,No,Approximate,2026,1,,Known,"University of Manitoba, Winnipeg (R3T 2N2)","49.8076, -97.1366","Transported by truck to the University of Manitoba, Winnipeg",1.4253,2950 km by truck; 0.4454 kgCO2e/kg x 3.2 kg. Old Pixelframe truck rate (0.1057 kgCO2e/kg per 700 km = 0.151 kgCO2e/tonne-km) over ~2950 km by road Cambridge-Winnipeg. Distance approximate; to verify.,,Pixelframe team,TRUE,
PX-0024,A5,Yes,Known,2026,5,,Known,"University of Manitoba, Winnipeg (R3T 2N2)","49.8076, -97.1366",CAST beam,,,,Pixelframe team,TRUE,11
PX-0025,A4,No,Known,2023,1,2,Known,Washington DC,"38.9072, -77.0369",Transported to Washington DC for Beta Prototype Showcase Beam,0.2114,700 km by truck; 0.1057 kgCO2e/kg x 2 kg,,Pixelframe team,TRUE,4
PX-0025,A5,Yes,Known,2023,1,2,Known,Washington DC,"38.9072, -77.0369",Beta Prototype Showcase Beam,,,,Pixelframe team,TRUE,4
PX-0025,C2,No,Approximate,2023,1,16,Known,"MIT, Cambridge, MA","42.3601, -71.0942",Returned by truck from Washington DC to MIT,0.2114,700 km by truck; 0.1057 kgCO2e/kg x 2 kg. Old Pixelframe truck rate (0.151 kgCO2e/tonne-km). About two weeks after the DC assembly; date approximate.,,Pixelframe team,TRUE,
PX-0025,A5,Yes,Known,2024,5,17,Known,"MIT, Cambridge, MA","42.3601, -71.0942",Beta Prototype Exhibition Beam,,,,Pixelframe team,TRUE,7
PX-0026,A4,No,Known,2023,1,2,Known,Washington DC,"38.9072, -77.0369",Transported to Washington DC for Beta Prototype Showcase Column,0.2114,700 km by truck; 0.1057 kgCO2e/kg x 2 kg,,Pixelframe team,TRUE,5
PX-0026,A5,Yes,Known,2023,1,2,Known,Washington DC,"38.9072, -77.0369",Beta Prototype Showcase Column,,,,Pixelframe team,TRUE,5
PX-0026,C2,No,Approximate,2023,1,16,Known,"MIT, Cambridge, MA","42.3601, -71.0942",Returned by truck from Washington DC to MIT,0.2114,700 km by truck; 0.1057 kgCO2e/kg x 2 kg. Old Pixelframe truck rate (0.151 kgCO2e/tonne-km). About two weeks after the DC assembly; date approximate.,,Pixelframe team,TRUE,
PX-0026,A4,No,Approximate,2025,2,,Known,"Woburn, MA","42.4793, -71.1523",Trucked from MIT to Woburn for crating and shipping,0.0048,16 km by truck; 0.002416 kgCO2e/kg x 2 kg. Old Pixelframe truck rate (0.151 kgCO2e/tonne-km). Date and distance approximate.,,Pixelframe team,TRUE,
PX-0026,A4,No,Approximate,2025,3,5,Known,Boston Logan Airport (BOS),"42.3656, -71.0096",Trucked from Woburn to Boston Logan Airport,0.006,20 km by truck; 0.00302 kgCO2e/kg x 2 kg. Old Pixelframe truck rate (0.151 kgCO2e/tonne-km). Date and distance approximate.,,Pixelframe team,TRUE,
PX-0026,A4,No,Approximate,2025,3,12,Known,Venice Marco Polo Airport (VCE),"45.5053, 12.3519",Air freight from Boston to Venice,7.5168,"7074 km by air; 3.7584 kgCO2e/kg x 2 kg. UK Government GHG conversion factors 2025, air freight long-haul international: 0.5313 kgCO2e/tonne-km, without radiative forcing (0.899 with RF). Distance: ~6550 km great-circle Boston-Venice plus the 8% routing uplift the method specifies. Date approximate.",,Pixelframe team,TRUE,
PX-0026,A4,No,Approximate,2025,3,13,Known,"Arsenale, Venice","45.4348, 12.3510",By boat from the airport to the Arsenale,0.0006,10 km by boat; 0.0003 kgCO2e/kg x 2 kg. Assumed inland-waterway rate of 0.03 kgCO2e/tonne-km. Date and distance approximate.,,Pixelframe team,TRUE,
PX-0026,A5,Yes,Known,2025,3,19,Known,"Arsenale, Venice","45.4348, 12.3510",Beta Prototype Biennale Beam,,,,Pixelframe team,TRUE,9
PX-0026,C2,No,Approximate,2025,10,,Known,"MIT, Cambridge, MA","42.3601, -71.0942",Returned by sea to MIT after the Venice Biennale,0.2624,8200 km by sea; 0.1312 kgCO2e/kg x 2 kg. Container ship at 0.016 kgCO2e/tonne-km (GHG Protocol / DEFRA average) over ~8200 km Venice-Boston. Distance approximate; to verify.,,Pixelframe team,TRUE,
PX-0026,A4,No,Approximate,2026,1,,Known,"University of Manitoba, Winnipeg (R3T 2N2)","49.8076, -97.1366","Transported by truck to the University of Manitoba, Winnipeg",0.8908,2950 km by truck; 0.4454 kgCO2e/kg x 2 kg. Old Pixelframe truck rate (0.1057 kgCO2e/kg per 700 km = 0.151 kgCO2e/tonne-km) over ~2950 km by road Cambridge-Winnipeg. Distance approximate; to verify.,,Pixelframe team,TRUE,
PX-0026,A5,Yes,Known,2026,5,,Known,"University of Manitoba, Winnipeg (R3T 2N2)","49.8076, -97.1366",CAST beam,,,,Pixelframe team,TRUE,11
PX-0027,A4,No,Known,2023,1,2,Known,Washington DC,"38.9072, -77.0369",Transported to Washington DC for Beta Prototype Showcase Beam,0.2114,700 km by truck; 0.1057 kgCO2e/kg x 2 kg,,Pixelframe team,TRUE,4
PX-0027,A5,Yes,Known,2023,1,2,Known,Washington DC,"38.9072, -77.0369",Beta Prototype Showcase Beam,,,,Pixelframe team,TRUE,4
PX-0027,C2,No,Approximate,2023,1,16,Known,"MIT, Cambridge, MA","42.3601, -71.0942",Returned by truck from Washington DC to MIT,0.2114,700 km by truck; 0.1057 kgCO2e/kg x 2 kg. Old Pixelframe truck rate (0.151 kgCO2e/tonne-km). About two weeks after the DC assembly; date approximate.,,Pixelframe team,TRUE,
PX-0027,A5,Yes,Known,2024,5,17,Known,"MIT, Cambridge, MA","42.3601, -71.0942",Beta Prototype Exhibition Beam,,,,Pixelframe team,TRUE,7
PX-0028,A4,No,Known,2023,1,2,Known,Washington DC,"38.9072, -77.0369",Transported to Washington DC for Beta Prototype Showcase Column,0.2114,700 km by truck; 0.1057 kgCO2e/kg x 2 kg,,Pixelframe team,TRUE,5
PX-0028,A5,Yes,Known,2023,1,2,Known,Washington DC,"38.9072, -77.0369",Beta Prototype Showcase Column,,,,Pixelframe team,TRUE,5
PX-0028,C2,No,Approximate,2023,1,16,Known,"MIT, Cambridge, MA","42.3601, -71.0942",Returned by truck from Washington DC to MIT,0.2114,700 km by truck; 0.1057 kgCO2e/kg x 2 kg. Old Pixelframe truck rate (0.151 kgCO2e/tonne-km). About two weeks after the DC assembly; date approximate.,,Pixelframe team,TRUE,
PX-0028,A4,No,Approximate,2025,2,,Known,"Woburn, MA","42.4793, -71.1523",Trucked from MIT to Woburn for crating and shipping,0.0048,16 km by truck; 0.002416 kgCO2e/kg x 2 kg. Old Pixelframe truck rate (0.151 kgCO2e/tonne-km). Date and distance approximate.,,Pixelframe team,TRUE,
PX-0028,A4,No,Approximate,2025,3,5,Known,Boston Logan Airport (BOS),"42.3656, -71.0096",Trucked from Woburn to Boston Logan Airport,0.006,20 km by truck; 0.00302 kgCO2e/kg x 2 kg. Old Pixelframe truck rate (0.151 kgCO2e/tonne-km). Date and distance approximate.,,Pixelframe team,TRUE,
PX-0028,A4,No,Approximate,2025,3,12,Known,Venice Marco Polo Airport (VCE),"45.5053, 12.3519",Air freight from Boston to Venice,7.5168,"7074 km by air; 3.7584 kgCO2e/kg x 2 kg. UK Government GHG conversion factors 2025, air freight long-haul international: 0.5313 kgCO2e/tonne-km, without radiative forcing (0.899 with RF). Distance: ~6550 km great-circle Boston-Venice plus the 8% routing uplift the method specifies. Date approximate.",,Pixelframe team,TRUE,
PX-0028,A4,No,Approximate,2025,3,13,Known,"Arsenale, Venice","45.4348, 12.3510",By boat from the airport to the Arsenale,0.0006,10 km by boat; 0.0003 kgCO2e/kg x 2 kg. Assumed inland-waterway rate of 0.03 kgCO2e/tonne-km. Date and distance approximate.,,Pixelframe team,TRUE,
PX-0028,A5,Yes,Known,2025,3,19,Known,"Arsenale, Venice","45.4348, 12.3510",Beta Prototype Biennale Beam,,,,Pixelframe team,TRUE,9
PX-0028,C2,No,Approximate,2025,10,,Known,"MIT, Cambridge, MA","42.3601, -71.0942",Returned by sea to MIT after the Venice Biennale,0.2624,8200 km by sea; 0.1312 kgCO2e/kg x 2 kg. Container ship at 0.016 kgCO2e/tonne-km (GHG Protocol / DEFRA average) over ~8200 km Venice-Boston. Distance approximate; to verify.,,Pixelframe team,TRUE,
PX-0028,A4,No,Approximate,2026,1,,Known,"University of Manitoba, Winnipeg (R3T 2N2)","49.8076, -97.1366","Transported by truck to the University of Manitoba, Winnipeg",0.8908,2950 km by truck; 0.4454 kgCO2e/kg x 2 kg. Old Pixelframe truck rate (0.1057 kgCO2e/kg per 700 km = 0.151 kgCO2e/tonne-km) over ~2950 km by road Cambridge-Winnipeg. Distance approximate; to verify.,,Pixelframe team,TRUE,
PX-0028,A5,Yes,Known,2026,5,,Known,"University of Manitoba, Winnipeg (R3T 2N2)","49.8076, -97.1366",CAST beam,,,,Pixelframe team,TRUE,11
PX-0029,A5,Yes,Known,2022,7,18,Known,"MIT, Cambridge, MA","42.3601, -71.0942",Alpha Prototype Column,,,,Pixelframe team,TRUE,2
PX-0029,A4,No,Known,2023,1,9,Known,Washington DC,"38.9072, -77.0369",Transported to Washington DC for Alpha Prototype Showcase Column,0.2114,700 km by truck; 0.1057 kgCO2e/kg x 2 kg,,Pixelframe team,TRUE,6
PX-0029,A5,Yes,Known,2023,1,9,Known,Washington DC,"38.9072, -77.0369",Alpha Prototype Showcase Column,,,,Pixelframe team,TRUE,6
PX-0029,C2,No,Approximate,2023,1,23,Known,"MIT, Cambridge, MA","42.3601, -71.0942",Returned by truck from Washington DC to MIT,0.2114,700 km by truck; 0.1057 kgCO2e/kg x 2 kg. Old Pixelframe truck rate (0.151 kgCO2e/tonne-km). About two weeks after the DC assembly; date approximate.,,Pixelframe team,TRUE,
PX-0030,A4,No,Known,2023,1,2,Known,Washington DC,"38.9072, -77.0369",Transported to Washington DC for Beta Prototype Showcase Beam,0.2114,700 km by truck; 0.1057 kgCO2e/kg x 2 kg,,Pixelframe team,TRUE,4
PX-0030,A5,Yes,Known,2023,1,2,Known,Washington DC,"38.9072, -77.0369",Beta Prototype Showcase Beam,,,,Pixelframe team,TRUE,4
PX-0030,C2,No,Approximate,2023,1,16,Known,"MIT, Cambridge, MA","42.3601, -71.0942",Returned by truck from Washington DC to MIT,0.2114,700 km by truck; 0.1057 kgCO2e/kg x 2 kg. Old Pixelframe truck rate (0.151 kgCO2e/tonne-km). About two weeks after the DC assembly; date approximate.,,Pixelframe team,TRUE,
PX-0030,A5,Yes,Known,2024,5,17,Known,"MIT, Cambridge, MA","42.3601, -71.0942",Beta Prototype Exhibition Beam,,,,Pixelframe team,TRUE,7
PX-0032,A4,No,Known,2023,1,2,Known,Washington DC,"38.9072, -77.0369",Transported to Washington DC for Beta Prototype Showcase Beam,0.2114,700 km by truck; 0.1057 kgCO2e/kg x 2 kg,,Pixelframe team,TRUE,4
PX-0032,A5,Yes,Known,2023,1,2,Known,Washington DC,"38.9072, -77.0369",Beta Prototype Showcase Beam,,,,Pixelframe team,TRUE,4
PX-0032,C2,No,Approximate,2023,1,16,Known,"MIT, Cambridge, MA","42.3601, -71.0942",Returned by truck from Washington DC to MIT,0.2114,700 km by truck; 0.1057 kgCO2e/kg x 2 kg. Old Pixelframe truck rate (0.151 kgCO2e/tonne-km). About two weeks after the DC assembly; date approximate.,,Pixelframe team,TRUE,
PX-0032,A5,Yes,Known,2024,5,17,Known,"MIT, Cambridge, MA","42.3601, -71.0942",Beta Prototype Exhibition Beam,,,,Pixelframe team,TRUE,7
PX-0033,A4,No,Known,2023,1,2,Known,Washington DC,"38.9072, -77.0369",Transported to Washington DC for Beta Prototype Showcase Beam,0.2114,700 km by truck; 0.1057 kgCO2e/kg x 2 kg,,Pixelframe team,TRUE,4
PX-0033,A5,Yes,Known,2023,1,2,Known,Washington DC,"38.9072, -77.0369",Beta Prototype Showcase Beam,,,,Pixelframe team,TRUE,4
PX-0033,C2,No,Approximate,2023,1,16,Known,"MIT, Cambridge, MA","42.3601, -71.0942",Returned by truck from Washington DC to MIT,0.2114,700 km by truck; 0.1057 kgCO2e/kg x 2 kg. Old Pixelframe truck rate (0.151 kgCO2e/tonne-km). About two weeks after the DC assembly; date approximate.,,Pixelframe team,TRUE,
PX-0033,A5,Yes,Known,2024,5,17,Known,"MIT, Cambridge, MA","42.3601, -71.0942",Beta Prototype Exhibition Beam,,,,Pixelframe team,TRUE,7
PX-0033,A4,No,Approximate,2025,2,,Known,"Woburn, MA","42.4793, -71.1523",Trucked from MIT to Woburn for crating and shipping,0.0048,16 km by truck; 0.002416 kgCO2e/kg x 2 kg. Old Pixelframe truck rate (0.151 kgCO2e/tonne-km). Date and distance approximate.,,Pixelframe team,TRUE,
PX-0033,A4,No,Approximate,2025,3,5,Known,Boston Logan Airport (BOS),"42.3656, -71.0096",Trucked from Woburn to Boston Logan Airport,0.006,20 km by truck; 0.00302 kgCO2e/kg x 2 kg. Old Pixelframe truck rate (0.151 kgCO2e/tonne-km). Date and distance approximate.,,Pixelframe team,TRUE,
PX-0033,A4,No,Approximate,2025,3,12,Known,Venice Marco Polo Airport (VCE),"45.5053, 12.3519",Air freight from Boston to Venice,7.5168,"7074 km by air; 3.7584 kgCO2e/kg x 2 kg. UK Government GHG conversion factors 2025, air freight long-haul international: 0.5313 kgCO2e/tonne-km, without radiative forcing (0.899 with RF). Distance: ~6550 km great-circle Boston-Venice plus the 8% routing uplift the method specifies. Date approximate.",,Pixelframe team,TRUE,
PX-0033,A4,No,Approximate,2025,3,13,Known,"Arsenale, Venice","45.4348, 12.3510",By boat from the airport to the Arsenale,0.0006,10 km by boat; 0.0003 kgCO2e/kg x 2 kg. Assumed inland-waterway rate of 0.03 kgCO2e/tonne-km. Date and distance approximate.,,Pixelframe team,TRUE,
PX-0033,A5,Yes,Known,2025,3,19,Known,"Arsenale, Venice","45.4348, 12.3510",Beta Prototype Biennale Beam,,,,Pixelframe team,TRUE,9
PX-0033,C2,No,Approximate,2025,10,,Known,"MIT, Cambridge, MA","42.3601, -71.0942",Returned by sea to MIT after the Venice Biennale,0.2624,8200 km by sea; 0.1312 kgCO2e/kg x 2 kg. Container ship at 0.016 kgCO2e/tonne-km (GHG Protocol / DEFRA average) over ~8200 km Venice-Boston. Distance approximate; to verify.,,Pixelframe team,TRUE,
PX-0033,A4,No,Approximate,2026,1,,Known,"University of Manitoba, Winnipeg (R3T 2N2)","49.8076, -97.1366","Transported by truck to the University of Manitoba, Winnipeg",0.8908,2950 km by truck; 0.4454 kgCO2e/kg x 2 kg. Old Pixelframe truck rate (0.1057 kgCO2e/kg per 700 km = 0.151 kgCO2e/tonne-km) over ~2950 km by road Cambridge-Winnipeg. Distance approximate; to verify.,,Pixelframe team,TRUE,
PX-0033,A5,Yes,Known,2026,5,,Known,"University of Manitoba, Winnipeg (R3T 2N2)","49.8076, -97.1366",CAST beam,,,,Pixelframe team,TRUE,11
PX-0034,A4,No,Known,2023,1,2,Known,Washington DC,"38.9072, -77.0369",Transported to Washington DC for Beta Prototype Showcase Beam,0.2114,700 km by truck; 0.1057 kgCO2e/kg x 2 kg,,Pixelframe team,TRUE,4
PX-0034,A5,Yes,Known,2023,1,2,Known,Washington DC,"38.9072, -77.0369",Beta Prototype Showcase Beam,,,,Pixelframe team,TRUE,4
PX-0034,C2,No,Approximate,2023,1,16,Known,"MIT, Cambridge, MA","42.3601, -71.0942",Returned by truck from Washington DC to MIT,0.2114,700 km by truck; 0.1057 kgCO2e/kg x 2 kg. Old Pixelframe truck rate (0.151 kgCO2e/tonne-km). About two weeks after the DC assembly; date approximate.,,Pixelframe team,TRUE,
PX-0034,A5,Yes,Known,2024,5,17,Known,"MIT, Cambridge, MA","42.3601, -71.0942",Beta Prototype Exhibition Beam,,,,Pixelframe team,TRUE,7
PX-0034,A4,No,Approximate,2025,2,,Known,"Woburn, MA","42.4793, -71.1523",Trucked from MIT to Woburn for crating and shipping,0.0048,16 km by truck; 0.002416 kgCO2e/kg x 2 kg. Old Pixelframe truck rate (0.151 kgCO2e/tonne-km). Date and distance approximate.,,Pixelframe team,TRUE,
PX-0034,A4,No,Approximate,2025,3,5,Known,Boston Logan Airport (BOS),"42.3656, -71.0096",Trucked from Woburn to Boston Logan Airport,0.006,20 km by truck; 0.00302 kgCO2e/kg x 2 kg. Old Pixelframe truck rate (0.151 kgCO2e/tonne-km). Date and distance approximate.,,Pixelframe team,TRUE,
PX-0034,A4,No,Approximate,2025,3,12,Known,Venice Marco Polo Airport (VCE),"45.5053, 12.3519",Air freight from Boston to Venice,7.5168,"7074 km by air; 3.7584 kgCO2e/kg x 2 kg. UK Government GHG conversion factors 2025, air freight long-haul international: 0.5313 kgCO2e/tonne-km, without radiative forcing (0.899 with RF). Distance: ~6550 km great-circle Boston-Venice plus the 8% routing uplift the method specifies. Date approximate.",,Pixelframe team,TRUE,
PX-0034,A4,No,Approximate,2025,3,13,Known,"Arsenale, Venice","45.4348, 12.3510",By boat from the airport to the Arsenale,0.0006,10 km by boat; 0.0003 kgCO2e/kg x 2 kg. Assumed inland-waterway rate of 0.03 kgCO2e/tonne-km. Date and distance approximate.,,Pixelframe team,TRUE,
PX-0034,A5,Yes,Known,2025,3,19,Known,"Arsenale, Venice","45.4348, 12.3510",Beta Prototype Biennale Beam,,,,Pixelframe team,TRUE,9
PX-0034,C2,No,Approximate,2025,10,,Known,"MIT, Cambridge, MA","42.3601, -71.0942",Returned by sea to MIT after the Venice Biennale,0.2624,8200 km by sea; 0.1312 kgCO2e/kg x 2 kg. Container ship at 0.016 kgCO2e/tonne-km (GHG Protocol / DEFRA average) over ~8200 km Venice-Boston. Distance approximate; to verify.,,Pixelframe team,TRUE,
PX-0034,A4,No,Approximate,2026,1,,Known,"University of Manitoba, Winnipeg (R3T 2N2)","49.8076, -97.1366","Transported by truck to the University of Manitoba, Winnipeg",0.8908,2950 km by truck; 0.4454 kgCO2e/kg x 2 kg. Old Pixelframe truck rate (0.1057 kgCO2e/kg per 700 km = 0.151 kgCO2e/tonne-km) over ~2950 km by road Cambridge-Winnipeg. Distance approximate; to verify.,,Pixelframe team,TRUE,
PX-0034,A5,Yes,Known,2026,5,,Known,"University of Manitoba, Winnipeg (R3T 2N2)","49.8076, -97.1366",CAST beam,,,,Pixelframe team,TRUE,11
PX-0035,A4,No,Known,2023,1,2,Known,Washington DC,"38.9072, -77.0369",Transported to Washington DC for Beta Prototype Showcase Column,0.2114,700 km by truck; 0.1057 kgCO2e/kg x 2 kg,,Pixelframe team,TRUE,5
PX-0035,A5,Yes,Known,2023,1,2,Known,Washington DC,"38.9072, -77.0369",Beta Prototype Showcase Column,,,,Pixelframe team,TRUE,5
PX-0035,C2,No,Approximate,2023,1,16,Known,"MIT, Cambridge, MA","42.3601, -71.0942",Returned by truck from Washington DC to MIT,0.2114,700 km by truck; 0.1057 kgCO2e/kg x 2 kg. Old Pixelframe truck rate (0.151 kgCO2e/tonne-km). About two weeks after the DC assembly; date approximate.,,Pixelframe team,TRUE,
PX-0036,A4,No,Known,2023,1,2,Known,Washington DC,"38.9072, -77.0369",Transported to Washington DC for Beta Prototype Showcase Column,0.2114,700 km by truck; 0.1057 kgCO2e/kg x 2 kg,,Pixelframe team,TRUE,5
PX-0036,A5,Yes,Known,2023,1,2,Known,Washington DC,"38.9072, -77.0369",Beta Prototype Showcase Column,,,,Pixelframe team,TRUE,5
PX-0036,C2,No,Approximate,2023,1,16,Known,"MIT, Cambridge, MA","42.3601, -71.0942",Returned by truck from Washington DC to MIT,0.2114,700 km by truck; 0.1057 kgCO2e/kg x 2 kg. Old Pixelframe truck rate (0.151 kgCO2e/tonne-km). About two weeks after the DC assembly; date approximate.,,Pixelframe team,TRUE,
PX-0036,C4,No,Approximate,2023,3,,Known,"MIT, Cambridge, MA","42.3601, -71.0942",Discarded (placeholder date),,,Retired,Pixelframe team,TRUE,
PX-0037,A4,No,Known,2023,1,2,Known,Washington DC,"38.9072, -77.0369",Transported to Washington DC for Beta Prototype Showcase Beam,0.2114,700 km by truck; 0.1057 kgCO2e/kg x 2 kg,,Pixelframe team,TRUE,4
PX-0037,A5,Yes,Known,2023,1,2,Known,Washington DC,"38.9072, -77.0369",Beta Prototype Showcase Beam,,,,Pixelframe team,TRUE,4
PX-0037,C2,No,Approximate,2023,1,16,Known,"MIT, Cambridge, MA","42.3601, -71.0942",Returned by truck from Washington DC to MIT,0.2114,700 km by truck; 0.1057 kgCO2e/kg x 2 kg. Old Pixelframe truck rate (0.151 kgCO2e/tonne-km). About two weeks after the DC assembly; date approximate.,,Pixelframe team,TRUE,
PX-0037,A5,Yes,Known,2024,5,17,Known,"MIT, Cambridge, MA","42.3601, -71.0942",Beta Prototype Exhibition Beam,,,,Pixelframe team,TRUE,7
PX-0037,A4,No,Approximate,2025,2,,Known,"Woburn, MA","42.4793, -71.1523",Trucked from MIT to Woburn for crating and shipping,0.0048,16 km by truck; 0.002416 kgCO2e/kg x 2 kg. Old Pixelframe truck rate (0.151 kgCO2e/tonne-km). Date and distance approximate.,,Pixelframe team,TRUE,
PX-0037,A4,No,Approximate,2025,3,5,Known,Boston Logan Airport (BOS),"42.3656, -71.0096",Trucked from Woburn to Boston Logan Airport,0.006,20 km by truck; 0.00302 kgCO2e/kg x 2 kg. Old Pixelframe truck rate (0.151 kgCO2e/tonne-km). Date and distance approximate.,,Pixelframe team,TRUE,
PX-0037,A4,No,Approximate,2025,3,12,Known,Venice Marco Polo Airport (VCE),"45.5053, 12.3519",Air freight from Boston to Venice,7.5168,"7074 km by air; 3.7584 kgCO2e/kg x 2 kg. UK Government GHG conversion factors 2025, air freight long-haul international: 0.5313 kgCO2e/tonne-km, without radiative forcing (0.899 with RF). Distance: ~6550 km great-circle Boston-Venice plus the 8% routing uplift the method specifies. Date approximate.",,Pixelframe team,TRUE,
PX-0037,A4,No,Approximate,2025,3,13,Known,"Arsenale, Venice","45.4348, 12.3510",By boat from the airport to the Arsenale,0.0006,10 km by boat; 0.0003 kgCO2e/kg x 2 kg. Assumed inland-waterway rate of 0.03 kgCO2e/tonne-km. Date and distance approximate.,,Pixelframe team,TRUE,
PX-0037,A5,Yes,Known,2025,3,19,Known,"Arsenale, Venice","45.4348, 12.3510",Beta Prototype Biennale Beam,,,,Pixelframe team,TRUE,9
PX-0037,C2,No,Approximate,2025,10,,Known,"MIT, Cambridge, MA","42.3601, -71.0942",Returned by sea to MIT after the Venice Biennale,0.2624,8200 km by sea; 0.1312 kgCO2e/kg x 2 kg. Container ship at 0.016 kgCO2e/tonne-km (GHG Protocol / DEFRA average) over ~8200 km Venice-Boston. Distance approximate; to verify.,,Pixelframe team,TRUE,
PX-0037,A4,No,Approximate,2026,1,,Known,"University of Manitoba, Winnipeg (R3T 2N2)","49.8076, -97.1366","Transported by truck to the University of Manitoba, Winnipeg",0.8908,2950 km by truck; 0.4454 kgCO2e/kg x 2 kg. Old Pixelframe truck rate (0.1057 kgCO2e/kg per 700 km = 0.151 kgCO2e/tonne-km) over ~2950 km by road Cambridge-Winnipeg. Distance approximate; to verify.,,Pixelframe team,TRUE,
PX-0037,A5,Yes,Known,2026,5,,Known,"University of Manitoba, Winnipeg (R3T 2N2)","49.8076, -97.1366",CAST beam,,,,Pixelframe team,TRUE,11
PX-0038,A4,No,Known,2023,1,2,Known,Washington DC,"38.9072, -77.0369",Transported to Washington DC for Beta Prototype Showcase Beam,0.2114,700 km by truck; 0.1057 kgCO2e/kg x 2 kg,,Pixelframe team,TRUE,4
PX-0038,A5,Yes,Known,2023,1,2,Known,Washington DC,"38.9072, -77.0369",Beta Prototype Showcase Beam,,,,Pixelframe team,TRUE,4
PX-0038,C2,No,Approximate,2023,1,16,Known,"MIT, Cambridge, MA","42.3601, -71.0942",Returned by truck from Washington DC to MIT,0.2114,700 km by truck; 0.1057 kgCO2e/kg x 2 kg. Old Pixelframe truck rate (0.151 kgCO2e/tonne-km). About two weeks after the DC assembly; date approximate.,,Pixelframe team,TRUE,
PX-0038,A5,Yes,Known,2024,5,17,Known,"MIT, Cambridge, MA","42.3601, -71.0942",Beta Prototype Exhibition Beam,,,,Pixelframe team,TRUE,7
PX-0038,A4,No,Approximate,2025,2,,Known,"Woburn, MA","42.4793, -71.1523",Trucked from MIT to Woburn for crating and shipping,0.0048,16 km by truck; 0.002416 kgCO2e/kg x 2 kg. Old Pixelframe truck rate (0.151 kgCO2e/tonne-km). Date and distance approximate.,,Pixelframe team,TRUE,
PX-0038,A4,No,Approximate,2025,3,5,Known,Boston Logan Airport (BOS),"42.3656, -71.0096",Trucked from Woburn to Boston Logan Airport,0.006,20 km by truck; 0.00302 kgCO2e/kg x 2 kg. Old Pixelframe truck rate (0.151 kgCO2e/tonne-km). Date and distance approximate.,,Pixelframe team,TRUE,
PX-0038,A4,No,Approximate,2025,3,12,Known,Venice Marco Polo Airport (VCE),"45.5053, 12.3519",Air freight from Boston to Venice,7.5168,"7074 km by air; 3.7584 kgCO2e/kg x 2 kg. UK Government GHG conversion factors 2025, air freight long-haul international: 0.5313 kgCO2e/tonne-km, without radiative forcing (0.899 with RF). Distance: ~6550 km great-circle Boston-Venice plus the 8% routing uplift the method specifies. Date approximate.",,Pixelframe team,TRUE,
PX-0038,A4,No,Approximate,2025,3,13,Known,"Arsenale, Venice","45.4348, 12.3510",By boat from the airport to the Arsenale,0.0006,10 km by boat; 0.0003 kgCO2e/kg x 2 kg. Assumed inland-waterway rate of 0.03 kgCO2e/tonne-km. Date and distance approximate.,,Pixelframe team,TRUE,
PX-0038,A5,Yes,Known,2025,3,19,Known,"Arsenale, Venice","45.4348, 12.3510",Beta Prototype Biennale Beam,,,,Pixelframe team,TRUE,9
PX-0038,C2,No,Approximate,2025,10,,Known,"MIT, Cambridge, MA","42.3601, -71.0942",Returned by sea to MIT after the Venice Biennale,0.2624,8200 km by sea; 0.1312 kgCO2e/kg x 2 kg. Container ship at 0.016 kgCO2e/tonne-km (GHG Protocol / DEFRA average) over ~8200 km Venice-Boston. Distance approximate; to verify.,,Pixelframe team,TRUE,
PX-0038,A4,No,Approximate,2026,1,,Known,"University of Manitoba, Winnipeg (R3T 2N2)","49.8076, -97.1366","Transported by truck to the University of Manitoba, Winnipeg",0.8908,2950 km by truck; 0.4454 kgCO2e/kg x 2 kg. Old Pixelframe truck rate (0.1057 kgCO2e/kg per 700 km = 0.151 kgCO2e/tonne-km) over ~2950 km by road Cambridge-Winnipeg. Distance approximate; to verify.,,Pixelframe team,TRUE,
PX-0038,A5,Yes,Known,2026,5,,Known,"University of Manitoba, Winnipeg (R3T 2N2)","49.8076, -97.1366",CAST beam,,,,Pixelframe team,TRUE,11
PX-0039,A4,No,Known,2023,1,2,Known,Washington DC,"38.9072, -77.0369",Transported to Washington DC for Beta Prototype Showcase Beam,0.2114,700 km by truck; 0.1057 kgCO2e/kg x 2 kg,,Pixelframe team,TRUE,4
PX-0039,A5,Yes,Known,2023,1,2,Known,Washington DC,"38.9072, -77.0369",Beta Prototype Showcase Beam,,,,Pixelframe team,TRUE,4
PX-0039,C2,No,Approximate,2023,1,16,Known,"MIT, Cambridge, MA","42.3601, -71.0942",Returned by truck from Washington DC to MIT,0.2114,700 km by truck; 0.1057 kgCO2e/kg x 2 kg. Old Pixelframe truck rate (0.151 kgCO2e/tonne-km). About two weeks after the DC assembly; date approximate.,,Pixelframe team,TRUE,
PX-0039,A5,Yes,Known,2024,5,17,Known,"MIT, Cambridge, MA","42.3601, -71.0942",Beta Prototype Exhibition Beam,,,,Pixelframe team,TRUE,7
PX-0039,A4,No,Approximate,2025,2,,Known,"Woburn, MA","42.4793, -71.1523",Trucked from MIT to Woburn for crating and shipping,0.0048,16 km by truck; 0.002416 kgCO2e/kg x 2 kg. Old Pixelframe truck rate (0.151 kgCO2e/tonne-km). Date and distance approximate.,,Pixelframe team,TRUE,
PX-0039,A4,No,Approximate,2025,3,5,Known,Boston Logan Airport (BOS),"42.3656, -71.0096",Trucked from Woburn to Boston Logan Airport,0.006,20 km by truck; 0.00302 kgCO2e/kg x 2 kg. Old Pixelframe truck rate (0.151 kgCO2e/tonne-km). Date and distance approximate.,,Pixelframe team,TRUE,
PX-0039,A4,No,Approximate,2025,3,12,Known,Venice Marco Polo Airport (VCE),"45.5053, 12.3519",Air freight from Boston to Venice,7.5168,"7074 km by air; 3.7584 kgCO2e/kg x 2 kg. UK Government GHG conversion factors 2025, air freight long-haul international: 0.5313 kgCO2e/tonne-km, without radiative forcing (0.899 with RF). Distance: ~6550 km great-circle Boston-Venice plus the 8% routing uplift the method specifies. Date approximate.",,Pixelframe team,TRUE,
PX-0039,A4,No,Approximate,2025,3,13,Known,"Arsenale, Venice","45.4348, 12.3510",By boat from the airport to the Arsenale,0.0006,10 km by boat; 0.0003 kgCO2e/kg x 2 kg. Assumed inland-waterway rate of 0.03 kgCO2e/tonne-km. Date and distance approximate.,,Pixelframe team,TRUE,
PX-0039,A5,Yes,Known,2025,3,19,Known,"Arsenale, Venice","45.4348, 12.3510",Beta Prototype Biennale Beam,,,,Pixelframe team,TRUE,9
PX-0039,C2,No,Approximate,2025,10,,Known,"MIT, Cambridge, MA","42.3601, -71.0942",Returned by sea to MIT after the Venice Biennale,0.2624,8200 km by sea; 0.1312 kgCO2e/kg x 2 kg. Container ship at 0.016 kgCO2e/tonne-km (GHG Protocol / DEFRA average) over ~8200 km Venice-Boston. Distance approximate; to verify.,,Pixelframe team,TRUE,
PX-0039,A4,No,Approximate,2026,1,,Known,"University of Manitoba, Winnipeg (R3T 2N2)","49.8076, -97.1366","Transported by truck to the University of Manitoba, Winnipeg",0.8908,2950 km by truck; 0.4454 kgCO2e/kg x 2 kg. Old Pixelframe truck rate (0.1057 kgCO2e/kg per 700 km = 0.151 kgCO2e/tonne-km) over ~2950 km by road Cambridge-Winnipeg. Distance approximate; to verify.,,Pixelframe team,TRUE,
PX-0039,A5,Yes,Known,2026,5,,Known,"University of Manitoba, Winnipeg (R3T 2N2)","49.8076, -97.1366",CAST beam,,,,Pixelframe team,TRUE,11
PX-0040,A4,No,Known,2023,1,2,Known,Washington DC,"38.9072, -77.0369",Transported to Washington DC for Beta Prototype Showcase Column,0.2114,700 km by truck; 0.1057 kgCO2e/kg x 2 kg,,Pixelframe team,TRUE,5
PX-0040,A5,Yes,Known,2023,1,2,Known,Washington DC,"38.9072, -77.0369",Beta Prototype Showcase Column,,,,Pixelframe team,TRUE,5
PX-0040,C2,No,Approximate,2023,1,16,Known,"MIT, Cambridge, MA","42.3601, -71.0942",Returned by truck from Washington DC to MIT,0.2114,700 km by truck; 0.1057 kgCO2e/kg x 2 kg. Old Pixelframe truck rate (0.151 kgCO2e/tonne-km). About two weeks after the DC assembly; date approximate.,,Pixelframe team,TRUE,
PX-0040,A4,No,Approximate,2025,2,,Known,"Woburn, MA","42.4793, -71.1523",Trucked from MIT to Woburn for crating and shipping,0.0048,16 km by truck; 0.002416 kgCO2e/kg x 2 kg. Old Pixelframe truck rate (0.151 kgCO2e/tonne-km). Date and distance approximate.,,Pixelframe team,TRUE,
PX-0040,A4,No,Approximate,2025,3,5,Known,Boston Logan Airport (BOS),"42.3656, -71.0096",Trucked from Woburn to Boston Logan Airport,0.006,20 km by truck; 0.00302 kgCO2e/kg x 2 kg. Old Pixelframe truck rate (0.151 kgCO2e/tonne-km). Date and distance approximate.,,Pixelframe team,TRUE,
PX-0040,A4,No,Approximate,2025,3,12,Known,Venice Marco Polo Airport (VCE),"45.5053, 12.3519",Air freight from Boston to Venice,7.5168,"7074 km by air; 3.7584 kgCO2e/kg x 2 kg. UK Government GHG conversion factors 2025, air freight long-haul international: 0.5313 kgCO2e/tonne-km, without radiative forcing (0.899 with RF). Distance: ~6550 km great-circle Boston-Venice plus the 8% routing uplift the method specifies. Date approximate.",,Pixelframe team,TRUE,
PX-0040,A4,No,Approximate,2025,3,13,Known,"Arsenale, Venice","45.4348, 12.3510",By boat from the airport to the Arsenale,0.0006,10 km by boat; 0.0003 kgCO2e/kg x 2 kg. Assumed inland-waterway rate of 0.03 kgCO2e/tonne-km. Date and distance approximate.,,Pixelframe team,TRUE,
PX-0040,A5,Yes,Known,2025,3,19,Known,"Arsenale, Venice","45.4348, 12.3510",Beta Prototype Biennale Beam,,,,Pixelframe team,TRUE,9
PX-0040,C2,No,Approximate,2025,10,,Known,"MIT, Cambridge, MA","42.3601, -71.0942",Returned by sea to MIT after the Venice Biennale,0.2624,8200 km by sea; 0.1312 kgCO2e/kg x 2 kg. Container ship at 0.016 kgCO2e/tonne-km (GHG Protocol / DEFRA average) over ~8200 km Venice-Boston. Distance approximate; to verify.,,Pixelframe team,TRUE,
PX-0040,A4,No,Approximate,2026,1,,Known,"University of Manitoba, Winnipeg (R3T 2N2)","49.8076, -97.1366","Transported by truck to the University of Manitoba, Winnipeg",0.8908,2950 km by truck; 0.4454 kgCO2e/kg x 2 kg. Old Pixelframe truck rate (0.1057 kgCO2e/kg per 700 km = 0.151 kgCO2e/tonne-km) over ~2950 km by road Cambridge-Winnipeg. Distance approximate; to verify.,,Pixelframe team,TRUE,
PX-0040,A5,Yes,Known,2026,5,,Known,"University of Manitoba, Winnipeg (R3T 2N2)","49.8076, -97.1366",CAST beam,,,,Pixelframe team,TRUE,11
PX-0041,A4,No,Known,2023,1,2,Known,Washington DC,"38.9072, -77.0369",Transported to Washington DC for Beta Prototype Showcase Beam,0.2114,700 km by truck; 0.1057 kgCO2e/kg x 2 kg,,Pixelframe team,TRUE,4
PX-0041,A5,Yes,Known,2023,1,2,Known,Washington DC,"38.9072, -77.0369",Beta Prototype Showcase Beam,,,,Pixelframe team,TRUE,4
PX-0041,C2,No,Approximate,2023,1,16,Known,"MIT, Cambridge, MA","42.3601, -71.0942",Returned by truck from Washington DC to MIT,0.2114,700 km by truck; 0.1057 kgCO2e/kg x 2 kg. Old Pixelframe truck rate (0.151 kgCO2e/tonne-km). About two weeks after the DC assembly; date approximate.,,Pixelframe team,TRUE,
PX-0041,A5,Yes,Known,2024,5,17,Known,"MIT, Cambridge, MA","42.3601, -71.0942",Beta Prototype Exhibition Beam,,,,Pixelframe team,TRUE,7
PX-0041,A4,No,Approximate,2025,2,,Known,"Woburn, MA","42.4793, -71.1523",Trucked from MIT to Woburn for crating and shipping,0.0048,16 km by truck; 0.002416 kgCO2e/kg x 2 kg. Old Pixelframe truck rate (0.151 kgCO2e/tonne-km). Date and distance approximate.,,Pixelframe team,TRUE,
PX-0041,A4,No,Approximate,2025,3,5,Known,Boston Logan Airport (BOS),"42.3656, -71.0096",Trucked from Woburn to Boston Logan Airport,0.006,20 km by truck; 0.00302 kgCO2e/kg x 2 kg. Old Pixelframe truck rate (0.151 kgCO2e/tonne-km). Date and distance approximate.,,Pixelframe team,TRUE,
PX-0041,A4,No,Approximate,2025,3,12,Known,Venice Marco Polo Airport (VCE),"45.5053, 12.3519",Air freight from Boston to Venice,7.5168,"7074 km by air; 3.7584 kgCO2e/kg x 2 kg. UK Government GHG conversion factors 2025, air freight long-haul international: 0.5313 kgCO2e/tonne-km, without radiative forcing (0.899 with RF). Distance: ~6550 km great-circle Boston-Venice plus the 8% routing uplift the method specifies. Date approximate.",,Pixelframe team,TRUE,
PX-0041,A4,No,Approximate,2025,3,13,Known,"Arsenale, Venice","45.4348, 12.3510",By boat from the airport to the Arsenale,0.0006,10 km by boat; 0.0003 kgCO2e/kg x 2 kg. Assumed inland-waterway rate of 0.03 kgCO2e/tonne-km. Date and distance approximate.,,Pixelframe team,TRUE,
PX-0041,A5,Yes,Known,2025,3,19,Known,"Arsenale, Venice","45.4348, 12.3510",Beta Prototype Biennale Beam,,,,Pixelframe team,TRUE,9
PX-0041,C2,No,Approximate,2025,10,,Known,"MIT, Cambridge, MA","42.3601, -71.0942",Returned by sea to MIT after the Venice Biennale,0.2624,8200 km by sea; 0.1312 kgCO2e/kg x 2 kg. Container ship at 0.016 kgCO2e/tonne-km (GHG Protocol / DEFRA average) over ~8200 km Venice-Boston. Distance approximate; to verify.,,Pixelframe team,TRUE,
PX-0041,A4,No,Approximate,2026,1,,Known,"University of Manitoba, Winnipeg (R3T 2N2)","49.8076, -97.1366","Transported by truck to the University of Manitoba, Winnipeg",0.8908,2950 km by truck; 0.4454 kgCO2e/kg x 2 kg. Old Pixelframe truck rate (0.1057 kgCO2e/kg per 700 km = 0.151 kgCO2e/tonne-km) over ~2950 km by road Cambridge-Winnipeg. Distance approximate; to verify.,,Pixelframe team,TRUE,
PX-0041,A5,Yes,Known,2026,5,,Known,"University of Manitoba, Winnipeg (R3T 2N2)","49.8076, -97.1366",CAST beam,,,,Pixelframe team,TRUE,11
PX-0042,A4,No,Known,2023,1,2,Known,Washington DC,"38.9072, -77.0369",Transported to Washington DC for Beta Prototype Showcase Beam,0.2114,700 km by truck; 0.1057 kgCO2e/kg x 2 kg,,Pixelframe team,TRUE,4
PX-0042,A5,Yes,Known,2023,1,2,Known,Washington DC,"38.9072, -77.0369",Beta Prototype Showcase Beam,,,,Pixelframe team,TRUE,4
PX-0042,C2,No,Approximate,2023,1,16,Known,"MIT, Cambridge, MA","42.3601, -71.0942",Returned by truck from Washington DC to MIT,0.2114,700 km by truck; 0.1057 kgCO2e/kg x 2 kg. Old Pixelframe truck rate (0.151 kgCO2e/tonne-km). About two weeks after the DC assembly; date approximate.,,Pixelframe team,TRUE,
PX-0042,A5,Yes,Known,2024,5,17,Known,"MIT, Cambridge, MA","42.3601, -71.0942",Beta Prototype Exhibition Beam,,,,Pixelframe team,TRUE,7
PX-0042,A4,No,Approximate,2025,2,,Known,"Woburn, MA","42.4793, -71.1523",Trucked from MIT to Woburn for crating and shipping,0.0048,16 km by truck; 0.002416 kgCO2e/kg x 2 kg. Old Pixelframe truck rate (0.151 kgCO2e/tonne-km). Date and distance approximate.,,Pixelframe team,TRUE,
PX-0042,A4,No,Approximate,2025,3,5,Known,Boston Logan Airport (BOS),"42.3656, -71.0096",Trucked from Woburn to Boston Logan Airport,0.006,20 km by truck; 0.00302 kgCO2e/kg x 2 kg. Old Pixelframe truck rate (0.151 kgCO2e/tonne-km). Date and distance approximate.,,Pixelframe team,TRUE,
PX-0042,A4,No,Approximate,2025,3,12,Known,Venice Marco Polo Airport (VCE),"45.5053, 12.3519",Air freight from Boston to Venice,7.5168,"7074 km by air; 3.7584 kgCO2e/kg x 2 kg. UK Government GHG conversion factors 2025, air freight long-haul international: 0.5313 kgCO2e/tonne-km, without radiative forcing (0.899 with RF). Distance: ~6550 km great-circle Boston-Venice plus the 8% routing uplift the method specifies. Date approximate.",,Pixelframe team,TRUE,
PX-0042,A4,No,Approximate,2025,3,13,Known,"Arsenale, Venice","45.4348, 12.3510",By boat from the airport to the Arsenale,0.0006,10 km by boat; 0.0003 kgCO2e/kg x 2 kg. Assumed inland-waterway rate of 0.03 kgCO2e/tonne-km. Date and distance approximate.,,Pixelframe team,TRUE,
PX-0042,A5,Yes,Known,2025,3,19,Known,"Arsenale, Venice","45.4348, 12.3510",Beta Prototype Biennale Beam,,,,Pixelframe team,TRUE,9
PX-0042,C2,No,Approximate,2025,10,,Known,"MIT, Cambridge, MA","42.3601, -71.0942",Returned by sea to MIT after the Venice Biennale,0.2624,8200 km by sea; 0.1312 kgCO2e/kg x 2 kg. Container ship at 0.016 kgCO2e/tonne-km (GHG Protocol / DEFRA average) over ~8200 km Venice-Boston. Distance approximate; to verify.,,Pixelframe team,TRUE,
PX-0042,A4,No,Approximate,2026,1,,Known,"University of Manitoba, Winnipeg (R3T 2N2)","49.8076, -97.1366","Transported by truck to the University of Manitoba, Winnipeg",0.8908,2950 km by truck; 0.4454 kgCO2e/kg x 2 kg. Old Pixelframe truck rate (0.1057 kgCO2e/kg per 700 km = 0.151 kgCO2e/tonne-km) over ~2950 km by road Cambridge-Winnipeg. Distance approximate; to verify.,,Pixelframe team,TRUE,
PX-0042,A5,Yes,Known,2026,5,,Known,"University of Manitoba, Winnipeg (R3T 2N2)","49.8076, -97.1366",CAST beam,,,,Pixelframe team,TRUE,11
PX-0043,A4,No,Known,2023,1,2,Known,Washington DC,"38.9072, -77.0369",Transported to Washington DC for Beta Prototype Showcase Column,0.2114,700 km by truck; 0.1057 kgCO2e/kg x 2 kg,,Pixelframe team,TRUE,5
PX-0043,A5,Yes,Known,2023,1,2,Known,Washington DC,"38.9072, -77.0369",Beta Prototype Showcase Column,,,,Pixelframe team,TRUE,5
PX-0043,C2,No,Approximate,2023,1,16,Known,"MIT, Cambridge, MA","42.3601, -71.0942",Returned by truck from Washington DC to MIT,0.2114,700 km by truck; 0.1057 kgCO2e/kg x 2 kg. Old Pixelframe truck rate (0.151 kgCO2e/tonne-km). About two weeks after the DC assembly; date approximate.,,Pixelframe team,TRUE,
PX-0043,A4,No,Approximate,2025,2,,Known,"Woburn, MA","42.4793, -71.1523",Trucked from MIT to Woburn for crating and shipping,0.0048,16 km by truck; 0.002416 kgCO2e/kg x 2 kg. Old Pixelframe truck rate (0.151 kgCO2e/tonne-km). Date and distance approximate.,,Pixelframe team,TRUE,
PX-0043,A4,No,Approximate,2025,3,5,Known,Boston Logan Airport (BOS),"42.3656, -71.0096",Trucked from Woburn to Boston Logan Airport,0.006,20 km by truck; 0.00302 kgCO2e/kg x 2 kg. Old Pixelframe truck rate (0.151 kgCO2e/tonne-km). Date and distance approximate.,,Pixelframe team,TRUE,
PX-0043,A4,No,Approximate,2025,3,12,Known,Venice Marco Polo Airport (VCE),"45.5053, 12.3519",Air freight from Boston to Venice,7.5168,"7074 km by air; 3.7584 kgCO2e/kg x 2 kg. UK Government GHG conversion factors 2025, air freight long-haul international: 0.5313 kgCO2e/tonne-km, without radiative forcing (0.899 with RF). Distance: ~6550 km great-circle Boston-Venice plus the 8% routing uplift the method specifies. Date approximate.",,Pixelframe team,TRUE,
PX-0043,A4,No,Approximate,2025,3,13,Known,"Arsenale, Venice","45.4348, 12.3510",By boat from the airport to the Arsenale,0.0006,10 km by boat; 0.0003 kgCO2e/kg x 2 kg. Assumed inland-waterway rate of 0.03 kgCO2e/tonne-km. Date and distance approximate.,,Pixelframe team,TRUE,
PX-0043,A5,Yes,Known,2025,3,19,Known,"Arsenale, Venice","45.4348, 12.3510",Beta Prototype Biennale Beam,,,,Pixelframe team,TRUE,9
PX-0043,C2,No,Approximate,2025,10,,Known,"MIT, Cambridge, MA","42.3601, -71.0942",Returned by sea to MIT after the Venice Biennale,0.2624,8200 km by sea; 0.1312 kgCO2e/kg x 2 kg. Container ship at 0.016 kgCO2e/tonne-km (GHG Protocol / DEFRA average) over ~8200 km Venice-Boston. Distance approximate; to verify.,,Pixelframe team,TRUE,
PX-0043,A4,No,Approximate,2026,1,,Known,"University of Manitoba, Winnipeg (R3T 2N2)","49.8076, -97.1366","Transported by truck to the University of Manitoba, Winnipeg",0.8908,2950 km by truck; 0.4454 kgCO2e/kg x 2 kg. Old Pixelframe truck rate (0.1057 kgCO2e/kg per 700 km = 0.151 kgCO2e/tonne-km) over ~2950 km by road Cambridge-Winnipeg. Distance approximate; to verify.,,Pixelframe team,TRUE,
PX-0043,A5,Yes,Known,2026,5,,Known,"University of Manitoba, Winnipeg (R3T 2N2)","49.8076, -97.1366",CAST beam,,,,Pixelframe team,TRUE,11
PX-0044,A4,No,Known,2023,1,2,Known,Washington DC,"38.9072, -77.0369",Transported to Washington DC for Beta Prototype Showcase Beam,0.2114,700 km by truck; 0.1057 kgCO2e/kg x 2 kg,,Pixelframe team,TRUE,4
PX-0044,A5,Yes,Known,2023,1,2,Known,Washington DC,"38.9072, -77.0369",Beta Prototype Showcase Beam,,,,Pixelframe team,TRUE,4
PX-0044,C2,No,Approximate,2023,1,16,Known,"MIT, Cambridge, MA","42.3601, -71.0942",Returned by truck from Washington DC to MIT,0.2114,700 km by truck; 0.1057 kgCO2e/kg x 2 kg. Old Pixelframe truck rate (0.151 kgCO2e/tonne-km). About two weeks after the DC assembly; date approximate.,,Pixelframe team,TRUE,
PX-0044,A5,Yes,Known,2024,5,17,Known,"MIT, Cambridge, MA","42.3601, -71.0942",Beta Prototype Exhibition Beam,,,,Pixelframe team,TRUE,7
PX-0044,C4,No,Approximate,2024,7,,Known,"MIT, Cambridge, MA","42.3601, -71.0942",Discarded (placeholder date),,,Retired,Pixelframe team,TRUE,
PX-0045,A4,No,Known,2023,1,2,Known,Washington DC,"38.9072, -77.0369",Transported to Washington DC for Beta Prototype Showcase Column,0.2114,700 km by truck; 0.1057 kgCO2e/kg x 2 kg,,Pixelframe team,TRUE,5
PX-0045,A5,Yes,Known,2023,1,2,Known,Washington DC,"38.9072, -77.0369",Beta Prototype Showcase Column,,,,Pixelframe team,TRUE,5
PX-0045,C2,No,Approximate,2023,1,16,Known,"MIT, Cambridge, MA","42.3601, -71.0942",Returned by truck from Washington DC to MIT,0.2114,700 km by truck; 0.1057 kgCO2e/kg x 2 kg. Old Pixelframe truck rate (0.151 kgCO2e/tonne-km). About two weeks after the DC assembly; date approximate.,,Pixelframe team,TRUE,
PX-0045,A4,No,Approximate,2025,2,,Known,"Woburn, MA","42.4793, -71.1523",Trucked from MIT to Woburn for crating and shipping,0.0048,16 km by truck; 0.002416 kgCO2e/kg x 2 kg. Old Pixelframe truck rate (0.151 kgCO2e/tonne-km). Date and distance approximate.,,Pixelframe team,TRUE,
PX-0045,A4,No,Approximate,2025,3,5,Known,Boston Logan Airport (BOS),"42.3656, -71.0096",Trucked from Woburn to Boston Logan Airport,0.006,20 km by truck; 0.00302 kgCO2e/kg x 2 kg. Old Pixelframe truck rate (0.151 kgCO2e/tonne-km). Date and distance approximate.,,Pixelframe team,TRUE,
PX-0045,A4,No,Approximate,2025,3,12,Known,Venice Marco Polo Airport (VCE),"45.5053, 12.3519",Air freight from Boston to Venice,7.5168,"7074 km by air; 3.7584 kgCO2e/kg x 2 kg. UK Government GHG conversion factors 2025, air freight long-haul international: 0.5313 kgCO2e/tonne-km, without radiative forcing (0.899 with RF). Distance: ~6550 km great-circle Boston-Venice plus the 8% routing uplift the method specifies. Date approximate.",,Pixelframe team,TRUE,
PX-0045,A4,No,Approximate,2025,3,13,Known,"Arsenale, Venice","45.4348, 12.3510",By boat from the airport to the Arsenale,0.0006,10 km by boat; 0.0003 kgCO2e/kg x 2 kg. Assumed inland-waterway rate of 0.03 kgCO2e/tonne-km. Date and distance approximate.,,Pixelframe team,TRUE,
PX-0045,A5,Yes,Known,2025,3,19,Known,"Arsenale, Venice","45.4348, 12.3510",Beta Prototype Biennale Beam,,,,Pixelframe team,TRUE,9
PX-0045,C2,No,Approximate,2025,10,,Known,"MIT, Cambridge, MA","42.3601, -71.0942",Returned by sea to MIT after the Venice Biennale,0.2624,8200 km by sea; 0.1312 kgCO2e/kg x 2 kg. Container ship at 0.016 kgCO2e/tonne-km (GHG Protocol / DEFRA average) over ~8200 km Venice-Boston. Distance approximate; to verify.,,Pixelframe team,TRUE,
PX-0045,A4,No,Approximate,2026,1,,Known,"University of Manitoba, Winnipeg (R3T 2N2)","49.8076, -97.1366","Transported by truck to the University of Manitoba, Winnipeg",0.8908,2950 km by truck; 0.4454 kgCO2e/kg x 2 kg. Old Pixelframe truck rate (0.1057 kgCO2e/kg per 700 km = 0.151 kgCO2e/tonne-km) over ~2950 km by road Cambridge-Winnipeg. Distance approximate; to verify.,,Pixelframe team,TRUE,
PX-0045,A5,Yes,Known,2026,5,,Known,"University of Manitoba, Winnipeg (R3T 2N2)","49.8076, -97.1366",CAST beam,,,,Pixelframe team,TRUE,11
PX-0046,A4,No,Known,2023,1,2,Known,Washington DC,"38.9072, -77.0369",Transported to Washington DC for Beta Prototype Showcase Beam,0.2114,700 km by truck; 0.1057 kgCO2e/kg x 2 kg,,Pixelframe team,TRUE,4
PX-0046,A5,Yes,Known,2023,1,2,Known,Washington DC,"38.9072, -77.0369",Beta Prototype Showcase Beam,,,,Pixelframe team,TRUE,4
PX-0046,C2,No,Approximate,2023,1,16,Known,"MIT, Cambridge, MA","42.3601, -71.0942",Returned by truck from Washington DC to MIT,0.2114,700 km by truck; 0.1057 kgCO2e/kg x 2 kg. Old Pixelframe truck rate (0.151 kgCO2e/tonne-km). About two weeks after the DC assembly; date approximate.,,Pixelframe team,TRUE,
PX-0046,A5,Yes,Known,2024,5,17,Known,"MIT, Cambridge, MA","42.3601, -71.0942",Beta Prototype Exhibition Beam,,,,Pixelframe team,TRUE,7
PX-0046,A4,No,Approximate,2025,2,,Known,"Woburn, MA","42.4793, -71.1523",Trucked from MIT to Woburn for crating and shipping,0.0048,16 km by truck; 0.002416 kgCO2e/kg x 2 kg. Old Pixelframe truck rate (0.151 kgCO2e/tonne-km). Date and distance approximate.,,Pixelframe team,TRUE,
PX-0046,A4,No,Approximate,2025,3,5,Known,Boston Logan Airport (BOS),"42.3656, -71.0096",Trucked from Woburn to Boston Logan Airport,0.006,20 km by truck; 0.00302 kgCO2e/kg x 2 kg. Old Pixelframe truck rate (0.151 kgCO2e/tonne-km). Date and distance approximate.,,Pixelframe team,TRUE,
PX-0046,A4,No,Approximate,2025,3,12,Known,Venice Marco Polo Airport (VCE),"45.5053, 12.3519",Air freight from Boston to Venice,7.5168,"7074 km by air; 3.7584 kgCO2e/kg x 2 kg. UK Government GHG conversion factors 2025, air freight long-haul international: 0.5313 kgCO2e/tonne-km, without radiative forcing (0.899 with RF). Distance: ~6550 km great-circle Boston-Venice plus the 8% routing uplift the method specifies. Date approximate.",,Pixelframe team,TRUE,
PX-0046,A4,No,Approximate,2025,3,13,Known,"Arsenale, Venice","45.4348, 12.3510",By boat from the airport to the Arsenale,0.0006,10 km by boat; 0.0003 kgCO2e/kg x 2 kg. Assumed inland-waterway rate of 0.03 kgCO2e/tonne-km. Date and distance approximate.,,Pixelframe team,TRUE,
PX-0046,A5,Yes,Known,2025,3,19,Known,"Arsenale, Venice","45.4348, 12.3510",Beta Prototype Biennale Beam,,,,Pixelframe team,TRUE,9
PX-0046,C2,No,Approximate,2025,10,,Known,"MIT, Cambridge, MA","42.3601, -71.0942",Returned by sea to MIT after the Venice Biennale,0.2624,8200 km by sea; 0.1312 kgCO2e/kg x 2 kg. Container ship at 0.016 kgCO2e/tonne-km (GHG Protocol / DEFRA average) over ~8200 km Venice-Boston. Distance approximate; to verify.,,Pixelframe team,TRUE,
PX-0046,A4,No,Approximate,2026,1,,Known,"University of Manitoba, Winnipeg (R3T 2N2)","49.8076, -97.1366","Transported by truck to the University of Manitoba, Winnipeg",0.8908,2950 km by truck; 0.4454 kgCO2e/kg x 2 kg. Old Pixelframe truck rate (0.1057 kgCO2e/kg per 700 km = 0.151 kgCO2e/tonne-km) over ~2950 km by road Cambridge-Winnipeg. Distance approximate; to verify.,,Pixelframe team,TRUE,
PX-0046,A5,Yes,Known,2026,5,,Known,"University of Manitoba, Winnipeg (R3T 2N2)","49.8076, -97.1366",CAST beam,,,,Pixelframe team,TRUE,11
PX-0047,A4,No,Known,2023,1,2,Known,Washington DC,"38.9072, -77.0369",Transported to Washington DC for Beta Prototype Showcase Column,0.2114,700 km by truck; 0.1057 kgCO2e/kg x 2 kg,,Pixelframe team,TRUE,5
PX-0047,A5,Yes,Known,2023,1,2,Known,Washington DC,"38.9072, -77.0369",Beta Prototype Showcase Column,,,,Pixelframe team,TRUE,5
PX-0047,C2,No,Approximate,2023,1,16,Known,"MIT, Cambridge, MA","42.3601, -71.0942",Returned by truck from Washington DC to MIT,0.2114,700 km by truck; 0.1057 kgCO2e/kg x 2 kg. Old Pixelframe truck rate (0.151 kgCO2e/tonne-km). About two weeks after the DC assembly; date approximate.,,Pixelframe team,TRUE,
PX-0047,A4,No,Approximate,2025,2,,Known,"Woburn, MA","42.4793, -71.1523",Trucked from MIT to Woburn for crating and shipping,0.0048,16 km by truck; 0.002416 kgCO2e/kg x 2 kg. Old Pixelframe truck rate (0.151 kgCO2e/tonne-km). Date and distance approximate.,,Pixelframe team,TRUE,
PX-0047,A4,No,Approximate,2025,3,5,Known,Boston Logan Airport (BOS),"42.3656, -71.0096",Trucked from Woburn to Boston Logan Airport,0.006,20 km by truck; 0.00302 kgCO2e/kg x 2 kg. Old Pixelframe truck rate (0.151 kgCO2e/tonne-km). Date and distance approximate.,,Pixelframe team,TRUE,
PX-0047,A4,No,Approximate,2025,3,12,Known,Venice Marco Polo Airport (VCE),"45.5053, 12.3519",Air freight from Boston to Venice,7.5168,"7074 km by air; 3.7584 kgCO2e/kg x 2 kg. UK Government GHG conversion factors 2025, air freight long-haul international: 0.5313 kgCO2e/tonne-km, without radiative forcing (0.899 with RF). Distance: ~6550 km great-circle Boston-Venice plus the 8% routing uplift the method specifies. Date approximate.",,Pixelframe team,TRUE,
PX-0047,A4,No,Approximate,2025,3,13,Known,"Arsenale, Venice","45.4348, 12.3510",By boat from the airport to the Arsenale,0.0006,10 km by boat; 0.0003 kgCO2e/kg x 2 kg. Assumed inland-waterway rate of 0.03 kgCO2e/tonne-km. Date and distance approximate.,,Pixelframe team,TRUE,
PX-0047,A5,Yes,Known,2025,3,19,Known,"Arsenale, Venice","45.4348, 12.3510",Beta Prototype Biennale Beam,,,,Pixelframe team,TRUE,9
PX-0047,C2,No,Approximate,2025,10,,Known,"MIT, Cambridge, MA","42.3601, -71.0942",Returned by sea to MIT after the Venice Biennale,0.2624,8200 km by sea; 0.1312 kgCO2e/kg x 2 kg. Container ship at 0.016 kgCO2e/tonne-km (GHG Protocol / DEFRA average) over ~8200 km Venice-Boston. Distance approximate; to verify.,,Pixelframe team,TRUE,
PX-0047,A4,No,Approximate,2026,1,,Known,"University of Manitoba, Winnipeg (R3T 2N2)","49.8076, -97.1366","Transported by truck to the University of Manitoba, Winnipeg",0.8908,2950 km by truck; 0.4454 kgCO2e/kg x 2 kg. Old Pixelframe truck rate (0.1057 kgCO2e/kg per 700 km = 0.151 kgCO2e/tonne-km) over ~2950 km by road Cambridge-Winnipeg. Distance approximate; to verify.,,Pixelframe team,TRUE,
PX-0047,A5,Yes,Known,2026,5,,Known,"University of Manitoba, Winnipeg (R3T 2N2)","49.8076, -97.1366",CAST beam,,,,Pixelframe team,TRUE,11
PX-0048,A4,No,Known,2023,1,2,Known,Washington DC,"38.9072, -77.0369",Transported to Washington DC for Beta Prototype Showcase Beam,0.2114,700 km by truck; 0.1057 kgCO2e/kg x 2 kg,,Pixelframe team,TRUE,4
PX-0048,A5,Yes,Known,2023,1,2,Known,Washington DC,"38.9072, -77.0369",Beta Prototype Showcase Beam,,,,Pixelframe team,TRUE,4
PX-0048,C2,No,Approximate,2023,1,16,Known,"MIT, Cambridge, MA","42.3601, -71.0942",Returned by truck from Washington DC to MIT,0.2114,700 km by truck; 0.1057 kgCO2e/kg x 2 kg. Old Pixelframe truck rate (0.151 kgCO2e/tonne-km). About two weeks after the DC assembly; date approximate.,,Pixelframe team,TRUE,
PX-0048,A5,Yes,Known,2024,5,17,Known,"MIT, Cambridge, MA","42.3601, -71.0942",Beta Prototype Exhibition Beam,,,,Pixelframe team,TRUE,7
PX-0048,A4,No,Approximate,2025,2,,Known,"Woburn, MA","42.4793, -71.1523",Trucked from MIT to Woburn for crating and shipping,0.0048,16 km by truck; 0.002416 kgCO2e/kg x 2 kg. Old Pixelframe truck rate (0.151 kgCO2e/tonne-km). Date and distance approximate.,,Pixelframe team,TRUE,
PX-0048,A4,No,Approximate,2025,3,5,Known,Boston Logan Airport (BOS),"42.3656, -71.0096",Trucked from Woburn to Boston Logan Airport,0.006,20 km by truck; 0.00302 kgCO2e/kg x 2 kg. Old Pixelframe truck rate (0.151 kgCO2e/tonne-km). Date and distance approximate.,,Pixelframe team,TRUE,
PX-0048,A4,No,Approximate,2025,3,12,Known,Venice Marco Polo Airport (VCE),"45.5053, 12.3519",Air freight from Boston to Venice,7.5168,"7074 km by air; 3.7584 kgCO2e/kg x 2 kg. UK Government GHG conversion factors 2025, air freight long-haul international: 0.5313 kgCO2e/tonne-km, without radiative forcing (0.899 with RF). Distance: ~6550 km great-circle Boston-Venice plus the 8% routing uplift the method specifies. Date approximate.",,Pixelframe team,TRUE,
PX-0048,A4,No,Approximate,2025,3,13,Known,"Arsenale, Venice","45.4348, 12.3510",By boat from the airport to the Arsenale,0.0006,10 km by boat; 0.0003 kgCO2e/kg x 2 kg. Assumed inland-waterway rate of 0.03 kgCO2e/tonne-km. Date and distance approximate.,,Pixelframe team,TRUE,
PX-0048,A5,Yes,Known,2025,3,19,Known,"Arsenale, Venice","45.4348, 12.3510",Beta Prototype Biennale Beam,,,,Pixelframe team,TRUE,9
PX-0048,C2,No,Approximate,2025,10,,Known,"MIT, Cambridge, MA","42.3601, -71.0942",Returned by sea to MIT after the Venice Biennale,0.2624,8200 km by sea; 0.1312 kgCO2e/kg x 2 kg. Container ship at 0.016 kgCO2e/tonne-km (GHG Protocol / DEFRA average) over ~8200 km Venice-Boston. Distance approximate; to verify.,,Pixelframe team,TRUE,
PX-0048,A4,No,Approximate,2026,1,,Known,"University of Manitoba, Winnipeg (R3T 2N2)","49.8076, -97.1366","Transported by truck to the University of Manitoba, Winnipeg",0.8908,2950 km by truck; 0.4454 kgCO2e/kg x 2 kg. Old Pixelframe truck rate (0.1057 kgCO2e/kg per 700 km = 0.151 kgCO2e/tonne-km) over ~2950 km by road Cambridge-Winnipeg. Distance approximate; to verify.,,Pixelframe team,TRUE,
PX-0048,A5,Yes,Known,2026,5,,Known,"University of Manitoba, Winnipeg (R3T 2N2)","49.8076, -97.1366",CAST beam,,,,Pixelframe team,TRUE,11
PX-0049,A4,No,Known,2023,1,2,Known,Washington DC,"38.9072, -77.0369",Transported to Washington DC for Beta Prototype Showcase Beam,0.2114,700 km by truck; 0.1057 kgCO2e/kg x 2 kg,,Pixelframe team,TRUE,4
PX-0049,A5,Yes,Known,2023,1,2,Known,Washington DC,"38.9072, -77.0369",Beta Prototype Showcase Beam,,,,Pixelframe team,TRUE,4
PX-0049,C2,No,Approximate,2023,1,16,Known,"MIT, Cambridge, MA","42.3601, -71.0942",Returned by truck from Washington DC to MIT,0.2114,700 km by truck; 0.1057 kgCO2e/kg x 2 kg. Old Pixelframe truck rate (0.151 kgCO2e/tonne-km). About two weeks after the DC assembly; date approximate.,,Pixelframe team,TRUE,
PX-0049,A5,Yes,Known,2024,5,17,Known,"MIT, Cambridge, MA","42.3601, -71.0942",Beta Prototype Exhibition Beam,,,,Pixelframe team,TRUE,7
PX-0049,A4,No,Approximate,2025,2,,Known,"Woburn, MA","42.4793, -71.1523",Trucked from MIT to Woburn for crating and shipping,0.0048,16 km by truck; 0.002416 kgCO2e/kg x 2 kg. Old Pixelframe truck rate (0.151 kgCO2e/tonne-km). Date and distance approximate.,,Pixelframe team,TRUE,
PX-0049,A4,No,Approximate,2025,3,5,Known,Boston Logan Airport (BOS),"42.3656, -71.0096",Trucked from Woburn to Boston Logan Airport,0.006,20 km by truck; 0.00302 kgCO2e/kg x 2 kg. Old Pixelframe truck rate (0.151 kgCO2e/tonne-km). Date and distance approximate.,,Pixelframe team,TRUE,
PX-0049,A4,No,Approximate,2025,3,12,Known,Venice Marco Polo Airport (VCE),"45.5053, 12.3519",Air freight from Boston to Venice,7.5168,"7074 km by air; 3.7584 kgCO2e/kg x 2 kg. UK Government GHG conversion factors 2025, air freight long-haul international: 0.5313 kgCO2e/tonne-km, without radiative forcing (0.899 with RF). Distance: ~6550 km great-circle Boston-Venice plus the 8% routing uplift the method specifies. Date approximate.",,Pixelframe team,TRUE,
PX-0049,A4,No,Approximate,2025,3,13,Known,"Arsenale, Venice","45.4348, 12.3510",By boat from the airport to the Arsenale,0.0006,10 km by boat; 0.0003 kgCO2e/kg x 2 kg. Assumed inland-waterway rate of 0.03 kgCO2e/tonne-km. Date and distance approximate.,,Pixelframe team,TRUE,
PX-0049,A5,Yes,Known,2025,3,19,Known,"Arsenale, Venice","45.4348, 12.3510",Beta Prototype Biennale Beam,,,,Pixelframe team,TRUE,9
PX-0049,C2,No,Approximate,2025,10,,Known,"MIT, Cambridge, MA","42.3601, -71.0942",Returned by sea to MIT after the Venice Biennale,0.2624,8200 km by sea; 0.1312 kgCO2e/kg x 2 kg. Container ship at 0.016 kgCO2e/tonne-km (GHG Protocol / DEFRA average) over ~8200 km Venice-Boston. Distance approximate; to verify.,,Pixelframe team,TRUE,
PX-0049,A4,No,Approximate,2026,1,,Known,"University of Manitoba, Winnipeg (R3T 2N2)","49.8076, -97.1366","Transported by truck to the University of Manitoba, Winnipeg",0.8908,2950 km by truck; 0.4454 kgCO2e/kg x 2 kg. Old Pixelframe truck rate (0.1057 kgCO2e/kg per 700 km = 0.151 kgCO2e/tonne-km) over ~2950 km by road Cambridge-Winnipeg. Distance approximate; to verify.,,Pixelframe team,TRUE,
PX-0049,A5,Yes,Known,2026,5,,Known,"University of Manitoba, Winnipeg (R3T 2N2)","49.8076, -97.1366",CAST beam,,,,Pixelframe team,TRUE,11
PX-0050,A4,No,Known,2023,1,2,Known,Washington DC,"38.9072, -77.0369",Transported to Washington DC for Beta Prototype Showcase Beam,0.2114,700 km by truck; 0.1057 kgCO2e/kg x 2 kg,,Pixelframe team,TRUE,4
PX-0050,A5,Yes,Known,2023,1,2,Known,Washington DC,"38.9072, -77.0369",Beta Prototype Showcase Beam,,,,Pixelframe team,TRUE,4
PX-0050,C2,No,Approximate,2023,1,16,Known,"MIT, Cambridge, MA","42.3601, -71.0942",Returned by truck from Washington DC to MIT,0.2114,700 km by truck; 0.1057 kgCO2e/kg x 2 kg. Old Pixelframe truck rate (0.151 kgCO2e/tonne-km). About two weeks after the DC assembly; date approximate.,,Pixelframe team,TRUE,
PX-0050,A5,Yes,Known,2024,5,17,Known,"MIT, Cambridge, MA","42.3601, -71.0942",Beta Prototype Exhibition Beam,,,,Pixelframe team,TRUE,7
PX-0050,A4,No,Approximate,2025,2,,Known,"Woburn, MA","42.4793, -71.1523",Trucked from MIT to Woburn for crating and shipping,0.0048,16 km by truck; 0.002416 kgCO2e/kg x 2 kg. Old Pixelframe truck rate (0.151 kgCO2e/tonne-km). Date and distance approximate.,,Pixelframe team,TRUE,
PX-0050,A4,No,Approximate,2025,3,5,Known,Boston Logan Airport (BOS),"42.3656, -71.0096",Trucked from Woburn to Boston Logan Airport,0.006,20 km by truck; 0.00302 kgCO2e/kg x 2 kg. Old Pixelframe truck rate (0.151 kgCO2e/tonne-km). Date and distance approximate.,,Pixelframe team,TRUE,
PX-0050,A4,No,Approximate,2025,3,12,Known,Venice Marco Polo Airport (VCE),"45.5053, 12.3519",Air freight from Boston to Venice,7.5168,"7074 km by air; 3.7584 kgCO2e/kg x 2 kg. UK Government GHG conversion factors 2025, air freight long-haul international: 0.5313 kgCO2e/tonne-km, without radiative forcing (0.899 with RF). Distance: ~6550 km great-circle Boston-Venice plus the 8% routing uplift the method specifies. Date approximate.",,Pixelframe team,TRUE,
PX-0050,A4,No,Approximate,2025,3,13,Known,"Arsenale, Venice","45.4348, 12.3510",By boat from the airport to the Arsenale,0.0006,10 km by boat; 0.0003 kgCO2e/kg x 2 kg. Assumed inland-waterway rate of 0.03 kgCO2e/tonne-km. Date and distance approximate.,,Pixelframe team,TRUE,
PX-0050,A5,Yes,Known,2025,3,19,Known,"Arsenale, Venice","45.4348, 12.3510",Beta Prototype Biennale Beam,,,,Pixelframe team,TRUE,9
PX-0050,C2,No,Approximate,2025,10,,Known,"MIT, Cambridge, MA","42.3601, -71.0942",Returned by sea to MIT after the Venice Biennale,0.2624,8200 km by sea; 0.1312 kgCO2e/kg x 2 kg. Container ship at 0.016 kgCO2e/tonne-km (GHG Protocol / DEFRA average) over ~8200 km Venice-Boston. Distance approximate; to verify.,,Pixelframe team,TRUE,
PX-0050,A4,No,Approximate,2026,1,,Known,"University of Manitoba, Winnipeg (R3T 2N2)","49.8076, -97.1366","Transported by truck to the University of Manitoba, Winnipeg",0.8908,2950 km by truck; 0.4454 kgCO2e/kg x 2 kg. Old Pixelframe truck rate (0.1057 kgCO2e/kg per 700 km = 0.151 kgCO2e/tonne-km) over ~2950 km by road Cambridge-Winnipeg. Distance approximate; to verify.,,Pixelframe team,TRUE,
PX-0050,A5,Yes,Known,2026,5,,Known,"University of Manitoba, Winnipeg (R3T 2N2)","49.8076, -97.1366",CAST beam,,,,Pixelframe team,TRUE,11
PX-0051,A4,No,Known,2023,1,2,Known,Washington DC,"38.9072, -77.0369",Transported to Washington DC for Beta Prototype Showcase Column,0.2114,700 km by truck; 0.1057 kgCO2e/kg x 2 kg,,Pixelframe team,TRUE,5
PX-0051,A5,Yes,Known,2023,1,2,Known,Washington DC,"38.9072, -77.0369",Beta Prototype Showcase Column,,,,Pixelframe team,TRUE,5
PX-0051,C2,No,Approximate,2023,1,16,Known,"MIT, Cambridge, MA","42.3601, -71.0942",Returned by truck from Washington DC to MIT,0.2114,700 km by truck; 0.1057 kgCO2e/kg x 2 kg. Old Pixelframe truck rate (0.151 kgCO2e/tonne-km). About two weeks after the DC assembly; date approximate.,,Pixelframe team,TRUE,
PX-0051,A4,No,Approximate,2025,2,,Known,"Woburn, MA","42.4793, -71.1523",Trucked from MIT to Woburn for crating and shipping,0.0048,16 km by truck; 0.002416 kgCO2e/kg x 2 kg. Old Pixelframe truck rate (0.151 kgCO2e/tonne-km). Date and distance approximate.,,Pixelframe team,TRUE,
PX-0051,A4,No,Approximate,2025,3,5,Known,Boston Logan Airport (BOS),"42.3656, -71.0096",Trucked from Woburn to Boston Logan Airport,0.006,20 km by truck; 0.00302 kgCO2e/kg x 2 kg. Old Pixelframe truck rate (0.151 kgCO2e/tonne-km). Date and distance approximate.,,Pixelframe team,TRUE,
PX-0051,A4,No,Approximate,2025,3,12,Known,Venice Marco Polo Airport (VCE),"45.5053, 12.3519",Air freight from Boston to Venice,7.5168,"7074 km by air; 3.7584 kgCO2e/kg x 2 kg. UK Government GHG conversion factors 2025, air freight long-haul international: 0.5313 kgCO2e/tonne-km, without radiative forcing (0.899 with RF). Distance: ~6550 km great-circle Boston-Venice plus the 8% routing uplift the method specifies. Date approximate.",,Pixelframe team,TRUE,
PX-0051,A4,No,Approximate,2025,3,13,Known,"Arsenale, Venice","45.4348, 12.3510",By boat from the airport to the Arsenale,0.0006,10 km by boat; 0.0003 kgCO2e/kg x 2 kg. Assumed inland-waterway rate of 0.03 kgCO2e/tonne-km. Date and distance approximate.,,Pixelframe team,TRUE,
PX-0051,A5,Yes,Known,2025,3,19,Known,"Arsenale, Venice","45.4348, 12.3510",Beta Prototype Biennale Beam,,,,Pixelframe team,TRUE,9
PX-0051,C2,No,Approximate,2025,10,,Known,"MIT, Cambridge, MA","42.3601, -71.0942",Returned by sea to MIT after the Venice Biennale,0.2624,8200 km by sea; 0.1312 kgCO2e/kg x 2 kg. Container ship at 0.016 kgCO2e/tonne-km (GHG Protocol / DEFRA average) over ~8200 km Venice-Boston. Distance approximate; to verify.,,Pixelframe team,TRUE,
PX-0051,A4,No,Approximate,2026,1,,Known,"University of Manitoba, Winnipeg (R3T 2N2)","49.8076, -97.1366","Transported by truck to the University of Manitoba, Winnipeg",0.8908,2950 km by truck; 0.4454 kgCO2e/kg x 2 kg. Old Pixelframe truck rate (0.1057 kgCO2e/kg per 700 km = 0.151 kgCO2e/tonne-km) over ~2950 km by road Cambridge-Winnipeg. Distance approximate; to verify.,,Pixelframe team,TRUE,
PX-0051,A5,Yes,Known,2026,5,,Known,"University of Manitoba, Winnipeg (R3T 2N2)","49.8076, -97.1366",CAST beam,,,,Pixelframe team,TRUE,11
PX-0052,A4,No,Known,2023,1,2,Known,Washington DC,"38.9072, -77.0369",Transported to Washington DC for Beta Prototype Showcase Beam,0.2114,700 km by truck; 0.1057 kgCO2e/kg x 2 kg,,Pixelframe team,TRUE,4
PX-0052,A5,Yes,Known,2023,1,2,Known,Washington DC,"38.9072, -77.0369",Beta Prototype Showcase Beam,,,,Pixelframe team,TRUE,4
PX-0052,C2,No,Approximate,2023,1,16,Known,"MIT, Cambridge, MA","42.3601, -71.0942",Returned by truck from Washington DC to MIT,0.2114,700 km by truck; 0.1057 kgCO2e/kg x 2 kg. Old Pixelframe truck rate (0.151 kgCO2e/tonne-km). About two weeks after the DC assembly; date approximate.,,Pixelframe team,TRUE,
PX-0052,A5,Yes,Known,2024,5,17,Known,"MIT, Cambridge, MA","42.3601, -71.0942",Beta Prototype Exhibition Beam,,,,Pixelframe team,TRUE,7
PX-0052,C4,No,Approximate,2024,7,,Known,"MIT, Cambridge, MA","42.3601, -71.0942",Discarded (placeholder date),,,Retired,Pixelframe team,TRUE,
PX-0053,A4,No,Known,2023,1,2,Known,Washington DC,"38.9072, -77.0369",Transported to Washington DC for Beta Prototype Showcase Column,0.2114,700 km by truck; 0.1057 kgCO2e/kg x 2 kg,,Pixelframe team,TRUE,5
PX-0053,A5,Yes,Known,2023,1,2,Known,Washington DC,"38.9072, -77.0369",Beta Prototype Showcase Column,,,,Pixelframe team,TRUE,5
PX-0053,C2,No,Approximate,2023,1,16,Known,"MIT, Cambridge, MA","42.3601, -71.0942",Returned by truck from Washington DC to MIT,0.2114,700 km by truck; 0.1057 kgCO2e/kg x 2 kg. Old Pixelframe truck rate (0.151 kgCO2e/tonne-km). About two weeks after the DC assembly; date approximate.,,Pixelframe team,TRUE,
PX-0053,A4,No,Approximate,2025,2,,Known,"Woburn, MA","42.4793, -71.1523",Trucked from MIT to Woburn for crating and shipping,0.0048,16 km by truck; 0.002416 kgCO2e/kg x 2 kg. Old Pixelframe truck rate (0.151 kgCO2e/tonne-km). Date and distance approximate.,,Pixelframe team,TRUE,
PX-0053,A4,No,Approximate,2025,3,5,Known,Boston Logan Airport (BOS),"42.3656, -71.0096",Trucked from Woburn to Boston Logan Airport,0.006,20 km by truck; 0.00302 kgCO2e/kg x 2 kg. Old Pixelframe truck rate (0.151 kgCO2e/tonne-km). Date and distance approximate.,,Pixelframe team,TRUE,
PX-0053,A4,No,Approximate,2025,3,12,Known,Venice Marco Polo Airport (VCE),"45.5053, 12.3519",Air freight from Boston to Venice,7.5168,"7074 km by air; 3.7584 kgCO2e/kg x 2 kg. UK Government GHG conversion factors 2025, air freight long-haul international: 0.5313 kgCO2e/tonne-km, without radiative forcing (0.899 with RF). Distance: ~6550 km great-circle Boston-Venice plus the 8% routing uplift the method specifies. Date approximate.",,Pixelframe team,TRUE,
PX-0053,A4,No,Approximate,2025,3,13,Known,"Arsenale, Venice","45.4348, 12.3510",By boat from the airport to the Arsenale,0.0006,10 km by boat; 0.0003 kgCO2e/kg x 2 kg. Assumed inland-waterway rate of 0.03 kgCO2e/tonne-km. Date and distance approximate.,,Pixelframe team,TRUE,
PX-0053,A5,Yes,Known,2025,3,19,Known,"Arsenale, Venice","45.4348, 12.3510",Beta Prototype Biennale Beam,,,,Pixelframe team,TRUE,9
PX-0053,C2,No,Approximate,2025,10,,Known,"MIT, Cambridge, MA","42.3601, -71.0942",Returned by sea to MIT after the Venice Biennale,0.2624,8200 km by sea; 0.1312 kgCO2e/kg x 2 kg. Container ship at 0.016 kgCO2e/tonne-km (GHG Protocol / DEFRA average) over ~8200 km Venice-Boston. Distance approximate; to verify.,,Pixelframe team,TRUE,
PX-0053,A4,No,Approximate,2026,1,,Known,"University of Manitoba, Winnipeg (R3T 2N2)","49.8076, -97.1366","Transported by truck to the University of Manitoba, Winnipeg",0.8908,2950 km by truck; 0.4454 kgCO2e/kg x 2 kg. Old Pixelframe truck rate (0.1057 kgCO2e/kg per 700 km = 0.151 kgCO2e/tonne-km) over ~2950 km by road Cambridge-Winnipeg. Distance approximate; to verify.,,Pixelframe team,TRUE,
PX-0053,A5,Yes,Known,2026,5,,Known,"University of Manitoba, Winnipeg (R3T 2N2)","49.8076, -97.1366",CAST beam,,,,Pixelframe team,TRUE,11
PX-0054,A4,No,Known,2023,1,2,Known,Washington DC,"38.9072, -77.0369",Transported to Washington DC for Beta Prototype Showcase Beam,0.2114,700 km by truck; 0.1057 kgCO2e/kg x 2 kg,,Pixelframe team,TRUE,4
PX-0054,A5,Yes,Known,2023,1,2,Known,Washington DC,"38.9072, -77.0369",Beta Prototype Showcase Beam,,,,Pixelframe team,TRUE,4
PX-0054,C2,No,Approximate,2023,1,16,Known,"MIT, Cambridge, MA","42.3601, -71.0942",Returned by truck from Washington DC to MIT,0.2114,700 km by truck; 0.1057 kgCO2e/kg x 2 kg. Old Pixelframe truck rate (0.151 kgCO2e/tonne-km). About two weeks after the DC assembly; date approximate.,,Pixelframe team,TRUE,
PX-0054,A5,Yes,Known,2024,5,17,Known,"MIT, Cambridge, MA","42.3601, -71.0942",Beta Prototype Exhibition Beam,,,,Pixelframe team,TRUE,7
PX-0054,C4,No,Approximate,2024,7,,Known,"MIT, Cambridge, MA","42.3601, -71.0942",Discarded (placeholder date),,,Retired,Pixelframe team,TRUE,
PX-0055,A4,No,Known,2023,1,2,Known,Washington DC,"38.9072, -77.0369",Transported to Washington DC for Beta Prototype Showcase Beam,0.2114,700 km by truck; 0.1057 kgCO2e/kg x 2 kg,,Pixelframe team,TRUE,4
PX-0055,A5,Yes,Known,2023,1,2,Known,Washington DC,"38.9072, -77.0369",Beta Prototype Showcase Beam,,,,Pixelframe team,TRUE,4
PX-0055,C2,No,Approximate,2023,1,16,Known,"MIT, Cambridge, MA","42.3601, -71.0942",Returned by truck from Washington DC to MIT,0.2114,700 km by truck; 0.1057 kgCO2e/kg x 2 kg. Old Pixelframe truck rate (0.151 kgCO2e/tonne-km). About two weeks after the DC assembly; date approximate.,,Pixelframe team,TRUE,
PX-0055,A5,Yes,Known,2024,5,17,Known,"MIT, Cambridge, MA","42.3601, -71.0942",Beta Prototype Exhibition Beam,,,,Pixelframe team,TRUE,7
PX-0056,A4,No,Known,2023,1,2,Known,Washington DC,"38.9072, -77.0369",Transported to Washington DC for Beta Prototype Showcase Beam,0.2114,700 km by truck; 0.1057 kgCO2e/kg x 2 kg,,Pixelframe team,TRUE,4
PX-0056,A5,Yes,Known,2023,1,2,Known,Washington DC,"38.9072, -77.0369",Beta Prototype Showcase Beam,,,,Pixelframe team,TRUE,4
PX-0056,C2,No,Approximate,2023,1,16,Known,"MIT, Cambridge, MA","42.3601, -71.0942",Returned by truck from Washington DC to MIT,0.2114,700 km by truck; 0.1057 kgCO2e/kg x 2 kg. Old Pixelframe truck rate (0.151 kgCO2e/tonne-km). About two weeks after the DC assembly; date approximate.,,Pixelframe team,TRUE,
PX-0056,A5,Yes,Known,2024,5,17,Known,"MIT, Cambridge, MA","42.3601, -71.0942",Beta Prototype Exhibition Beam,,,,Pixelframe team,TRUE,7
PX-0056,A4,No,Approximate,2025,2,,Known,"Woburn, MA","42.4793, -71.1523",Trucked from MIT to Woburn for crating and shipping,0.0048,16 km by truck; 0.002416 kgCO2e/kg x 2 kg. Old Pixelframe truck rate (0.151 kgCO2e/tonne-km). Date and distance approximate.,,Pixelframe team,TRUE,
PX-0056,A4,No,Approximate,2025,3,5,Known,Boston Logan Airport (BOS),"42.3656, -71.0096",Trucked from Woburn to Boston Logan Airport,0.006,20 km by truck; 0.00302 kgCO2e/kg x 2 kg. Old Pixelframe truck rate (0.151 kgCO2e/tonne-km). Date and distance approximate.,,Pixelframe team,TRUE,
PX-0056,A4,No,Approximate,2025,3,12,Known,Venice Marco Polo Airport (VCE),"45.5053, 12.3519",Air freight from Boston to Venice,7.5168,"7074 km by air; 3.7584 kgCO2e/kg x 2 kg. UK Government GHG conversion factors 2025, air freight long-haul international: 0.5313 kgCO2e/tonne-km, without radiative forcing (0.899 with RF). Distance: ~6550 km great-circle Boston-Venice plus the 8% routing uplift the method specifies. Date approximate.",,Pixelframe team,TRUE,
PX-0056,A4,No,Approximate,2025,3,13,Known,"Arsenale, Venice","45.4348, 12.3510",By boat from the airport to the Arsenale,0.0006,10 km by boat; 0.0003 kgCO2e/kg x 2 kg. Assumed inland-waterway rate of 0.03 kgCO2e/tonne-km. Date and distance approximate.,,Pixelframe team,TRUE,
PX-0056,A5,Yes,Known,2025,3,19,Known,"Arsenale, Venice","45.4348, 12.3510",Beta Prototype Biennale Beam,,,,Pixelframe team,TRUE,9
PX-0056,C2,No,Approximate,2025,10,,Known,"MIT, Cambridge, MA","42.3601, -71.0942",Returned by sea to MIT after the Venice Biennale,0.2624,8200 km by sea; 0.1312 kgCO2e/kg x 2 kg. Container ship at 0.016 kgCO2e/tonne-km (GHG Protocol / DEFRA average) over ~8200 km Venice-Boston. Distance approximate; to verify.,,Pixelframe team,TRUE,
PX-0056,A4,No,Approximate,2026,1,,Known,"University of Manitoba, Winnipeg (R3T 2N2)","49.8076, -97.1366","Transported by truck to the University of Manitoba, Winnipeg",0.8908,2950 km by truck; 0.4454 kgCO2e/kg x 2 kg. Old Pixelframe truck rate (0.1057 kgCO2e/kg per 700 km = 0.151 kgCO2e/tonne-km) over ~2950 km by road Cambridge-Winnipeg. Distance approximate; to verify.,,Pixelframe team,TRUE,
PX-0056,A5,Yes,Known,2026,5,,Known,"University of Manitoba, Winnipeg (R3T 2N2)","49.8076, -97.1366",CAST beam,,,,Pixelframe team,TRUE,11
PX-0057,A4,No,Known,2023,1,2,Known,Washington DC,"38.9072, -77.0369",Transported to Washington DC for Beta Prototype Showcase Beam,0.2114,700 km by truck; 0.1057 kgCO2e/kg x 2 kg,,Pixelframe team,TRUE,4
PX-0057,A5,Yes,Known,2023,1,2,Known,Washington DC,"38.9072, -77.0369",Beta Prototype Showcase Beam,,,,Pixelframe team,TRUE,4
PX-0057,C2,No,Approximate,2023,1,16,Known,"MIT, Cambridge, MA","42.3601, -71.0942",Returned by truck from Washington DC to MIT,0.2114,700 km by truck; 0.1057 kgCO2e/kg x 2 kg. Old Pixelframe truck rate (0.151 kgCO2e/tonne-km). About two weeks after the DC assembly; date approximate.,,Pixelframe team,TRUE,
PX-0057,A5,Yes,Known,2024,5,17,Known,"MIT, Cambridge, MA","42.3601, -71.0942",Beta Prototype Exhibition Beam,,,,Pixelframe team,TRUE,7
PX-0057,A4,No,Approximate,2025,2,,Known,"Woburn, MA","42.4793, -71.1523",Trucked from MIT to Woburn for crating and shipping,0.0048,16 km by truck; 0.002416 kgCO2e/kg x 2 kg. Old Pixelframe truck rate (0.151 kgCO2e/tonne-km). Date and distance approximate.,,Pixelframe team,TRUE,
PX-0057,A4,No,Approximate,2025,3,5,Known,Boston Logan Airport (BOS),"42.3656, -71.0096",Trucked from Woburn to Boston Logan Airport,0.006,20 km by truck; 0.00302 kgCO2e/kg x 2 kg. Old Pixelframe truck rate (0.151 kgCO2e/tonne-km). Date and distance approximate.,,Pixelframe team,TRUE,
PX-0057,A4,No,Approximate,2025,3,12,Known,Venice Marco Polo Airport (VCE),"45.5053, 12.3519",Air freight from Boston to Venice,7.5168,"7074 km by air; 3.7584 kgCO2e/kg x 2 kg. UK Government GHG conversion factors 2025, air freight long-haul international: 0.5313 kgCO2e/tonne-km, without radiative forcing (0.899 with RF). Distance: ~6550 km great-circle Boston-Venice plus the 8% routing uplift the method specifies. Date approximate.",,Pixelframe team,TRUE,
PX-0057,A4,No,Approximate,2025,3,13,Known,"Arsenale, Venice","45.4348, 12.3510",By boat from the airport to the Arsenale,0.0006,10 km by boat; 0.0003 kgCO2e/kg x 2 kg. Assumed inland-waterway rate of 0.03 kgCO2e/tonne-km. Date and distance approximate.,,Pixelframe team,TRUE,
PX-0057,A5,Yes,Known,2025,3,19,Known,"Arsenale, Venice","45.4348, 12.3510",Beta Prototype Biennale Beam,,,,Pixelframe team,TRUE,9
PX-0057,C2,No,Approximate,2025,10,,Known,"MIT, Cambridge, MA","42.3601, -71.0942",Returned by sea to MIT after the Venice Biennale,0.2624,8200 km by sea; 0.1312 kgCO2e/kg x 2 kg. Container ship at 0.016 kgCO2e/tonne-km (GHG Protocol / DEFRA average) over ~8200 km Venice-Boston. Distance approximate; to verify.,,Pixelframe team,TRUE,
PX-0057,A4,No,Approximate,2026,1,,Known,"University of Manitoba, Winnipeg (R3T 2N2)","49.8076, -97.1366","Transported by truck to the University of Manitoba, Winnipeg",0.8908,2950 km by truck; 0.4454 kgCO2e/kg x 2 kg. Old Pixelframe truck rate (0.1057 kgCO2e/kg per 700 km = 0.151 kgCO2e/tonne-km) over ~2950 km by road Cambridge-Winnipeg. Distance approximate; to verify.,,Pixelframe team,TRUE,
PX-0057,A5,Yes,Known,2026,5,,Known,"University of Manitoba, Winnipeg (R3T 2N2)","49.8076, -97.1366",CAST beam,,,,Pixelframe team,TRUE,11
PX-0058,A4,No,Known,2023,1,2,Known,Washington DC,"38.9072, -77.0369",Transported to Washington DC for Beta Prototype Showcase Beam,0.2114,700 km by truck; 0.1057 kgCO2e/kg x 2 kg,,Pixelframe team,TRUE,4
PX-0058,A5,Yes,Known,2023,1,2,Known,Washington DC,"38.9072, -77.0369",Beta Prototype Showcase Beam,,,,Pixelframe team,TRUE,4
PX-0058,C2,No,Approximate,2023,1,16,Known,"MIT, Cambridge, MA","42.3601, -71.0942",Returned by truck from Washington DC to MIT,0.2114,700 km by truck; 0.1057 kgCO2e/kg x 2 kg. Old Pixelframe truck rate (0.151 kgCO2e/tonne-km). About two weeks after the DC assembly; date approximate.,,Pixelframe team,TRUE,
PX-0058,A5,Yes,Known,2024,5,17,Known,"MIT, Cambridge, MA","42.3601, -71.0942",Beta Prototype Exhibition Beam,,,,Pixelframe team,TRUE,7
PX-0058,C4,No,Approximate,2024,7,,Known,"MIT, Cambridge, MA","42.3601, -71.0942",Discarded (placeholder date),,,Retired,Pixelframe team,TRUE,
PX-0059,A4,No,Known,2023,1,2,Known,Washington DC,"38.9072, -77.0369",Transported to Washington DC for Beta Prototype Showcase Column,0.2114,700 km by truck; 0.1057 kgCO2e/kg x 2 kg,,Pixelframe team,TRUE,5
PX-0059,A5,Yes,Known,2023,1,2,Known,Washington DC,"38.9072, -77.0369",Beta Prototype Showcase Column,,,,Pixelframe team,TRUE,5
PX-0059,C2,No,Approximate,2023,1,16,Known,"MIT, Cambridge, MA","42.3601, -71.0942",Returned by truck from Washington DC to MIT,0.2114,700 km by truck; 0.1057 kgCO2e/kg x 2 kg. Old Pixelframe truck rate (0.151 kgCO2e/tonne-km). About two weeks after the DC assembly; date approximate.,,Pixelframe team,TRUE,
PX-0059,A4,No,Approximate,2025,2,,Known,"Woburn, MA","42.4793, -71.1523",Trucked from MIT to Woburn for crating and shipping,0.0048,16 km by truck; 0.002416 kgCO2e/kg x 2 kg. Old Pixelframe truck rate (0.151 kgCO2e/tonne-km). Date and distance approximate.,,Pixelframe team,TRUE,
PX-0059,A4,No,Approximate,2025,3,5,Known,Boston Logan Airport (BOS),"42.3656, -71.0096",Trucked from Woburn to Boston Logan Airport,0.006,20 km by truck; 0.00302 kgCO2e/kg x 2 kg. Old Pixelframe truck rate (0.151 kgCO2e/tonne-km). Date and distance approximate.,,Pixelframe team,TRUE,
PX-0059,A4,No,Approximate,2025,3,12,Known,Venice Marco Polo Airport (VCE),"45.5053, 12.3519",Air freight from Boston to Venice,7.5168,"7074 km by air; 3.7584 kgCO2e/kg x 2 kg. UK Government GHG conversion factors 2025, air freight long-haul international: 0.5313 kgCO2e/tonne-km, without radiative forcing (0.899 with RF). Distance: ~6550 km great-circle Boston-Venice plus the 8% routing uplift the method specifies. Date approximate.",,Pixelframe team,TRUE,
PX-0059,A4,No,Approximate,2025,3,13,Known,"Arsenale, Venice","45.4348, 12.3510",By boat from the airport to the Arsenale,0.0006,10 km by boat; 0.0003 kgCO2e/kg x 2 kg. Assumed inland-waterway rate of 0.03 kgCO2e/tonne-km. Date and distance approximate.,,Pixelframe team,TRUE,
PX-0059,A5,Yes,Known,2025,3,19,Known,"Arsenale, Venice","45.4348, 12.3510",Beta Prototype Biennale Beam,,,,Pixelframe team,TRUE,9
PX-0059,C2,No,Approximate,2025,10,,Known,"MIT, Cambridge, MA","42.3601, -71.0942",Returned by sea to MIT after the Venice Biennale,0.2624,8200 km by sea; 0.1312 kgCO2e/kg x 2 kg. Container ship at 0.016 kgCO2e/tonne-km (GHG Protocol / DEFRA average) over ~8200 km Venice-Boston. Distance approximate; to verify.,,Pixelframe team,TRUE,
PX-0059,A4,No,Approximate,2026,1,,Known,"University of Manitoba, Winnipeg (R3T 2N2)","49.8076, -97.1366","Transported by truck to the University of Manitoba, Winnipeg",0.8908,2950 km by truck; 0.4454 kgCO2e/kg x 2 kg. Old Pixelframe truck rate (0.1057 kgCO2e/kg per 700 km = 0.151 kgCO2e/tonne-km) over ~2950 km by road Cambridge-Winnipeg. Distance approximate; to verify.,,Pixelframe team,TRUE,
PX-0059,A5,Yes,Known,2026,5,,Known,"University of Manitoba, Winnipeg (R3T 2N2)","49.8076, -97.1366",CAST beam,,,,Pixelframe team,TRUE,11
PX-0060,A4,No,Known,2023,1,2,Known,Washington DC,"38.9072, -77.0369",Transported to Washington DC for Beta Prototype Showcase Beam,0.2114,700 km by truck; 0.1057 kgCO2e/kg x 2 kg,,Pixelframe team,TRUE,4
PX-0060,A5,Yes,Known,2023,1,2,Known,Washington DC,"38.9072, -77.0369",Beta Prototype Showcase Beam,,,,Pixelframe team,TRUE,4
PX-0060,C2,No,Approximate,2023,1,16,Known,"MIT, Cambridge, MA","42.3601, -71.0942",Returned by truck from Washington DC to MIT,0.2114,700 km by truck; 0.1057 kgCO2e/kg x 2 kg. Old Pixelframe truck rate (0.151 kgCO2e/tonne-km). About two weeks after the DC assembly; date approximate.,,Pixelframe team,TRUE,
PX-0060,A5,Yes,Known,2024,5,17,Known,"MIT, Cambridge, MA","42.3601, -71.0942",Beta Prototype Exhibition Beam,,,,Pixelframe team,TRUE,7
PX-0060,A4,No,Approximate,2025,2,,Known,"Woburn, MA","42.4793, -71.1523",Trucked from MIT to Woburn for crating and shipping,0.0048,16 km by truck; 0.002416 kgCO2e/kg x 2 kg. Old Pixelframe truck rate (0.151 kgCO2e/tonne-km). Date and distance approximate.,,Pixelframe team,TRUE,
PX-0060,A4,No,Approximate,2025,3,5,Known,Boston Logan Airport (BOS),"42.3656, -71.0096",Trucked from Woburn to Boston Logan Airport,0.006,20 km by truck; 0.00302 kgCO2e/kg x 2 kg. Old Pixelframe truck rate (0.151 kgCO2e/tonne-km). Date and distance approximate.,,Pixelframe team,TRUE,
PX-0060,A4,No,Approximate,2025,3,12,Known,Venice Marco Polo Airport (VCE),"45.5053, 12.3519",Air freight from Boston to Venice,7.5168,"7074 km by air; 3.7584 kgCO2e/kg x 2 kg. UK Government GHG conversion factors 2025, air freight long-haul international: 0.5313 kgCO2e/tonne-km, without radiative forcing (0.899 with RF). Distance: ~6550 km great-circle Boston-Venice plus the 8% routing uplift the method specifies. Date approximate.",,Pixelframe team,TRUE,
PX-0060,A4,No,Approximate,2025,3,13,Known,"Arsenale, Venice","45.4348, 12.3510",By boat from the airport to the Arsenale,0.0006,10 km by boat; 0.0003 kgCO2e/kg x 2 kg. Assumed inland-waterway rate of 0.03 kgCO2e/tonne-km. Date and distance approximate.,,Pixelframe team,TRUE,
PX-0060,A5,Yes,Known,2025,3,19,Known,"Arsenale, Venice","45.4348, 12.3510",Beta Prototype Biennale Beam,,,,Pixelframe team,TRUE,9
PX-0060,C2,No,Approximate,2025,10,,Known,"MIT, Cambridge, MA","42.3601, -71.0942",Returned by sea to MIT after the Venice Biennale,0.2624,8200 km by sea; 0.1312 kgCO2e/kg x 2 kg. Container ship at 0.016 kgCO2e/tonne-km (GHG Protocol / DEFRA average) over ~8200 km Venice-Boston. Distance approximate; to verify.,,Pixelframe team,TRUE,
PX-0060,A4,No,Approximate,2026,1,,Known,"University of Manitoba, Winnipeg (R3T 2N2)","49.8076, -97.1366","Transported by truck to the University of Manitoba, Winnipeg",0.8908,2950 km by truck; 0.4454 kgCO2e/kg x 2 kg. Old Pixelframe truck rate (0.1057 kgCO2e/kg per 700 km = 0.151 kgCO2e/tonne-km) over ~2950 km by road Cambridge-Winnipeg. Distance approximate; to verify.,,Pixelframe team,TRUE,
PX-0060,A5,Yes,Known,2026,5,,Known,"University of Manitoba, Winnipeg (R3T 2N2)","49.8076, -97.1366",CAST beam,,,,Pixelframe team,TRUE,11
PX-0061,A4,No,Known,2023,1,2,Known,Washington DC,"38.9072, -77.0369",Transported to Washington DC for Beta Prototype Showcase Column,0.2114,700 km by truck; 0.1057 kgCO2e/kg x 2 kg,,Pixelframe team,TRUE,5
PX-0061,A5,Yes,Known,2023,1,2,Known,Washington DC,"38.9072, -77.0369",Beta Prototype Showcase Column,,,,Pixelframe team,TRUE,5
PX-0061,C2,No,Approximate,2023,1,16,Known,"MIT, Cambridge, MA","42.3601, -71.0942",Returned by truck from Washington DC to MIT,0.2114,700 km by truck; 0.1057 kgCO2e/kg x 2 kg. Old Pixelframe truck rate (0.151 kgCO2e/tonne-km). About two weeks after the DC assembly; date approximate.,,Pixelframe team,TRUE,
PX-0061,C4,No,Approximate,2023,3,,Known,"MIT, Cambridge, MA","42.3601, -71.0942",Discarded (placeholder date),,,Retired,Pixelframe team,TRUE,
PX-0062,A4,No,Known,2023,1,2,Known,Washington DC,"38.9072, -77.0369",Transported to Washington DC for Beta Prototype Showcase Beam,0.2114,700 km by truck; 0.1057 kgCO2e/kg x 2 kg,,Pixelframe team,TRUE,4
PX-0062,A5,Yes,Known,2023,1,2,Known,Washington DC,"38.9072, -77.0369",Beta Prototype Showcase Beam,,,,Pixelframe team,TRUE,4
PX-0062,C2,No,Approximate,2023,1,16,Known,"MIT, Cambridge, MA","42.3601, -71.0942",Returned by truck from Washington DC to MIT,0.2114,700 km by truck; 0.1057 kgCO2e/kg x 2 kg. Old Pixelframe truck rate (0.151 kgCO2e/tonne-km). About two weeks after the DC assembly; date approximate.,,Pixelframe team,TRUE,
PX-0062,A5,Yes,Known,2024,5,17,Known,"MIT, Cambridge, MA","42.3601, -71.0942",Beta Prototype Exhibition Beam,,,,Pixelframe team,TRUE,7
PX-0063,A4,No,Known,2023,1,2,Known,Washington DC,"38.9072, -77.0369",Transported to Washington DC for Beta Prototype Showcase Column,0.2114,700 km by truck; 0.1057 kgCO2e/kg x 2 kg,,Pixelframe team,TRUE,5
PX-0063,A5,Yes,Known,2023,1,2,Known,Washington DC,"38.9072, -77.0369",Beta Prototype Showcase Column,,,,Pixelframe team,TRUE,5
PX-0063,C2,No,Approximate,2023,1,16,Known,"MIT, Cambridge, MA","42.3601, -71.0942",Returned by truck from Washington DC to MIT,0.2114,700 km by truck; 0.1057 kgCO2e/kg x 2 kg. Old Pixelframe truck rate (0.151 kgCO2e/tonne-km). About two weeks after the DC assembly; date approximate.,,Pixelframe team,TRUE,
PX-0063,C4,No,Approximate,2023,3,,Known,"MIT, Cambridge, MA","42.3601, -71.0942",Discarded (placeholder date),,,Retired,Pixelframe team,TRUE,
PX-0064,A4,No,Known,2023,1,2,Known,Washington DC,"38.9072, -77.0369",Transported to Washington DC for Beta Prototype Showcase Column,0.2114,700 km by truck; 0.1057 kgCO2e/kg x 2 kg,,Pixelframe team,TRUE,5
PX-0064,A5,Yes,Known,2023,1,2,Known,Washington DC,"38.9072, -77.0369",Beta Prototype Showcase Column,,,,Pixelframe team,TRUE,5
PX-0064,C2,No,Approximate,2023,1,16,Known,"MIT, Cambridge, MA","42.3601, -71.0942",Returned by truck from Washington DC to MIT,0.2114,700 km by truck; 0.1057 kgCO2e/kg x 2 kg. Old Pixelframe truck rate (0.151 kgCO2e/tonne-km). About two weeks after the DC assembly; date approximate.,,Pixelframe team,TRUE,
PX-0064,C4,No,Approximate,2023,3,,Known,"MIT, Cambridge, MA","42.3601, -71.0942",Discarded (placeholder date),,,Retired,Pixelframe team,TRUE,
PX-0065,A4,No,Known,2023,1,2,Known,Washington DC,"38.9072, -77.0369",Transported to Washington DC for Beta Prototype Showcase Column,0.2114,700 km by truck; 0.1057 kgCO2e/kg x 2 kg,,Pixelframe team,TRUE,5
PX-0065,A5,Yes,Known,2023,1,2,Known,Washington DC,"38.9072, -77.0369",Beta Prototype Showcase Column,,,,Pixelframe team,TRUE,5
PX-0065,C2,No,Approximate,2023,1,16,Known,"MIT, Cambridge, MA","42.3601, -71.0942",Returned by truck from Washington DC to MIT,0.2114,700 km by truck; 0.1057 kgCO2e/kg x 2 kg. Old Pixelframe truck rate (0.151 kgCO2e/tonne-km). About two weeks after the DC assembly; date approximate.,,Pixelframe team,TRUE,
PX-0065,C4,No,Approximate,2023,3,,Known,"MIT, Cambridge, MA","42.3601, -71.0942",Discarded (placeholder date),,,Retired,Pixelframe team,TRUE,
PX-0066,A4,No,Known,2023,1,2,Known,Washington DC,"38.9072, -77.0369",Transported to Washington DC for Beta Prototype Showcase Column,0.2114,700 km by truck; 0.1057 kgCO2e/kg x 2 kg,,Pixelframe team,TRUE,5
PX-0066,A5,Yes,Known,2023,1,2,Known,Washington DC,"38.9072, -77.0369",Beta Prototype Showcase Column,,,,Pixelframe team,TRUE,5
PX-0066,C2,No,Approximate,2023,1,16,Known,"MIT, Cambridge, MA","42.3601, -71.0942",Returned by truck from Washington DC to MIT,0.2114,700 km by truck; 0.1057 kgCO2e/kg x 2 kg. Old Pixelframe truck rate (0.151 kgCO2e/tonne-km). About two weeks after the DC assembly; date approximate.,,Pixelframe team,TRUE,
PX-0066,C4,No,Approximate,2023,3,,Known,"MIT, Cambridge, MA","42.3601, -71.0942",Discarded (placeholder date),,,Retired,Pixelframe team,TRUE,
PX-0067,A4,No,Known,2025,8,,Known,"University of Manitoba, Winnipeg (R3T 2N2)","49.8076, -97.1366",Transported by car from Rhode Island to the University of Manitoba,4.3845,"3000 km by car; 0.15 kgCO2e/kg x 29.23 kg. Incidental load on a car trip: marginal rate of 0.05 kgCO2e/tonne-km (extra fuel from the added mass, not a share of the whole trip) over ~3000 km.",,Pixelframe team,TRUE,
PX-0068,A4,No,Known,2025,8,,Known,"University of Manitoba, Winnipeg (R3T 2N2)","49.8076, -97.1366",Transported by car from Rhode Island to the University of Manitoba,4.3845,"3000 km by car; 0.15 kgCO2e/kg x 29.23 kg. Incidental load on a car trip: marginal rate of 0.05 kgCO2e/tonne-km (extra fuel from the added mass, not a share of the whole trip) over ~3000 km.",,Pixelframe team,TRUE,
PX-0069,A4,No,Known,2025,8,,Known,"University of Manitoba, Winnipeg (R3T 2N2)","49.8076, -97.1366",Transported by car from Rhode Island to the University of Manitoba,4.3845,"3000 km by car; 0.15 kgCO2e/kg x 29.23 kg. Incidental load on a car trip: marginal rate of 0.05 kgCO2e/tonne-km (extra fuel from the added mass, not a share of the whole trip) over ~3000 km.",,Pixelframe team,TRUE,
PX-0070,A4,No,Known,2025,8,,Known,"University of Manitoba, Winnipeg (R3T 2N2)","49.8076, -97.1366",Transported by car from Rhode Island to the University of Manitoba,4.3845,"3000 km by car; 0.15 kgCO2e/kg x 29.23 kg. Incidental load on a car trip: marginal rate of 0.05 kgCO2e/tonne-km (extra fuel from the added mass, not a share of the whole trip) over ~3000 km.",,Pixelframe team,TRUE,
PX-0071,A4,No,Known,2025,8,,Known,"University of Manitoba, Winnipeg (R3T 2N2)","49.8076, -97.1366",Transported by car from Rhode Island to the University of Manitoba,4.3845,"3000 km by car; 0.15 kgCO2e/kg x 29.23 kg. Incidental load on a car trip: marginal rate of 0.05 kgCO2e/tonne-km (extra fuel from the added mass, not a share of the whole trip) over ~3000 km.",,Pixelframe team,TRUE,
PX-0072,A4,No,Known,2025,8,,Known,"University of Manitoba, Winnipeg (R3T 2N2)","49.8076, -97.1366",Transported by car from Rhode Island to the University of Manitoba,4.3845,"3000 km by car; 0.15 kgCO2e/kg x 29.23 kg. Incidental load on a car trip: marginal rate of 0.05 kgCO2e/tonne-km (extra fuel from the added mass, not a share of the whole trip) over ~3000 km.",,Pixelframe team,TRUE,
PX-0073,A4,No,Approximate,2026,2,,Known,"University of Manitoba, Winnipeg (R3T 2N2)","49.8076, -97.1366",Moved by flatbed truck to University of Manitoba,0.0391,"14.4 km by flatbed truck; 0.002174 kgCO2e/kg x 18 kg. PLACEHOLDER date, based on when the rest of its batch moved.",,Pixelframe team,TRUE,
PX-0078,A5,Yes,Known,2025,10,,Known,"St. Boniface, Winnipeg (R2J 0S6)","49.874, -97.078",Maintenance load test,,,,Pixelframe team,TRUE,12
PX-0078,A4,No,Known,2026,2,,Known,"University of Manitoba, Winnipeg (R3T 2N2)","49.8076, -97.1366",Moved by flatbed truck to University of Manitoba,0.0391,14.4 km by flatbed truck; 0.002174 kgCO2e/kg x 18 kg. Old Pixelframe truck rate (0.151 kgCO2e/tonne-km) over 14.4 km. Dated with the assembly it arrived for.,,Pixelframe team,TRUE,
PX-0078,A5,Yes,Known,2026,2,,Known,"University of Manitoba, Winnipeg (R3T 2N2)","49.8076, -97.1366",Full scale test,,,,Pixelframe team,TRUE,13
PX-0078,A5,Yes,Known,2026,2,,Known,"University of Manitoba, Winnipeg (R3T 2N2)","49.8076, -97.1366",Hard contact assembly test,,,,Pixelframe team,TRUE,14
PX-0078,A5,Yes,Known,2026,8,,Known,"University of Manitoba, Winnipeg (R3T 2N2)","49.8076, -97.1366",3m Column Assembly,,,,Pixelframe team,TRUE,17
PX-0079,A5,Yes,Known,2025,10,,Known,"St. Boniface, Winnipeg (R2J 0S6)","49.874, -97.078",Maintenance load test,,,,Pixelframe team,TRUE,12
PX-0079,A4,No,Known,2026,2,,Known,"University of Manitoba, Winnipeg (R3T 2N2)","49.8076, -97.1366",Moved by flatbed truck to University of Manitoba,0.0391,14.4 km by flatbed truck; 0.002174 kgCO2e/kg x 18 kg. Old Pixelframe truck rate (0.151 kgCO2e/tonne-km) over 14.4 km. Dated with the assembly it arrived for.,,Pixelframe team,TRUE,
PX-0079,A5,Yes,Known,2026,2,,Known,"University of Manitoba, Winnipeg (R3T 2N2)","49.8076, -97.1366",Full scale test,,,,Pixelframe team,TRUE,13
PX-0079,A5,Yes,Known,2026,2,,Known,"University of Manitoba, Winnipeg (R3T 2N2)","49.8076, -97.1366",Hard contact assembly test,,,,Pixelframe team,TRUE,14
PX-0079,A5,Yes,Known,2026,8,,Known,"University of Manitoba, Winnipeg (R3T 2N2)","49.8076, -97.1366",3m Column Assembly,,,,Pixelframe team,TRUE,17
PX-0080,A5,Yes,Known,2025,10,,Known,"St. Boniface, Winnipeg (R2J 0S6)","49.874, -97.078",Maintenance load test,,,,Pixelframe team,TRUE,12
PX-0080,A4,No,Known,2026,2,,Known,"University of Manitoba, Winnipeg (R3T 2N2)","49.8076, -97.1366",Moved by flatbed truck to University of Manitoba,0.0391,14.4 km by flatbed truck; 0.002174 kgCO2e/kg x 18 kg. Old Pixelframe truck rate (0.151 kgCO2e/tonne-km) over 14.4 km. Dated with the assembly it arrived for.,,Pixelframe team,TRUE,
PX-0080,A5,Yes,Known,2026,2,,Known,"University of Manitoba, Winnipeg (R3T 2N2)","49.8076, -97.1366",Full scale test,,,,Pixelframe team,TRUE,13
PX-0080,A5,Yes,Known,2026,2,,Known,"University of Manitoba, Winnipeg (R3T 2N2)","49.8076, -97.1366",Hard contact assembly test,,,,Pixelframe team,TRUE,14
PX-0080,A5,Yes,Known,2026,8,,Known,"University of Manitoba, Winnipeg (R3T 2N2)","49.8076, -97.1366",3m Column Assembly,,,,Pixelframe team,TRUE,17
PX-0081,A5,Yes,Known,2025,10,,Known,"St. Boniface, Winnipeg (R2J 0S6)","49.874, -97.078",Maintenance load test,,,,Pixelframe team,TRUE,12
PX-0081,A4,No,Known,2026,2,,Known,"University of Manitoba, Winnipeg (R3T 2N2)","49.8076, -97.1366",Moved by flatbed truck to University of Manitoba,0.0391,14.4 km by flatbed truck; 0.002174 kgCO2e/kg x 18 kg. Old Pixelframe truck rate (0.151 kgCO2e/tonne-km) over 14.4 km. Dated with the assembly it arrived for.,,Pixelframe team,TRUE,
PX-0081,A5,Yes,Known,2026,2,,Known,"University of Manitoba, Winnipeg (R3T 2N2)","49.8076, -97.1366",Full scale test,,,,Pixelframe team,TRUE,13
PX-0081,A5,Yes,Known,2026,2,,Known,"University of Manitoba, Winnipeg (R3T 2N2)","49.8076, -97.1366",Hard contact assembly test,,,,Pixelframe team,TRUE,14
PX-0081,A5,Yes,Known,2026,8,,Known,"University of Manitoba, Winnipeg (R3T 2N2)","49.8076, -97.1366",3m Column Assembly,,,,Pixelframe team,TRUE,17
PX-0083,A5,Yes,Known,2025,10,,Known,"St. Boniface, Winnipeg (R2J 0S6)","49.874, -97.078",Maintenance load test,,,,Pixelframe team,TRUE,12
PX-0083,A4,No,Known,2026,2,,Known,"University of Manitoba, Winnipeg (R3T 2N2)","49.8076, -97.1366",Moved by flatbed truck to University of Manitoba,0.0391,14.4 km by flatbed truck; 0.002174 kgCO2e/kg x 18 kg. Old Pixelframe truck rate (0.151 kgCO2e/tonne-km) over 14.4 km. Dated with the assembly it arrived for.,,Pixelframe team,TRUE,
PX-0083,A5,Yes,Known,2026,2,,Known,"University of Manitoba, Winnipeg (R3T 2N2)","49.8076, -97.1366",Full scale test,,,,Pixelframe team,TRUE,13
PX-0083,A5,Yes,Known,2026,2,,Known,"University of Manitoba, Winnipeg (R3T 2N2)","49.8076, -97.1366",Hard contact assembly test,,,,Pixelframe team,TRUE,14
PX-0083,A5,Yes,Known,2026,7,,Known,"University of Manitoba, Winnipeg (R3T 2N2)","49.8076, -97.1366",2m Column Assembly,,,,Pixelframe team,TRUE,16
PX-0083,A5,Yes,Known,2026,8,,Known,"University of Manitoba, Winnipeg (R3T 2N2)","49.8076, -97.1366",3m Column Assembly,,,,Pixelframe team,TRUE,17
PX-0084,A5,Yes,Known,2025,10,,Known,"St. Boniface, Winnipeg (R2J 0S6)","49.874, -97.078",Maintenance load test,,,,Pixelframe team,TRUE,12
PX-0084,A4,No,Known,2026,2,,Known,"University of Manitoba, Winnipeg (R3T 2N2)","49.8076, -97.1366",Moved by flatbed truck to University of Manitoba,0.0391,14.4 km by flatbed truck; 0.002174 kgCO2e/kg x 18 kg. Old Pixelframe truck rate (0.151 kgCO2e/tonne-km) over 14.4 km. Dated with the assembly it arrived for.,,Pixelframe team,TRUE,
PX-0084,A5,Yes,Known,2026,2,,Known,"University of Manitoba, Winnipeg (R3T 2N2)","49.8076, -97.1366",Full scale test,,,,Pixelframe team,TRUE,13
PX-0084,A5,Yes,Known,2026,2,,Known,"University of Manitoba, Winnipeg (R3T 2N2)","49.8076, -97.1366",Hard contact assembly test,,,,Pixelframe team,TRUE,14
PX-0084,A5,Yes,Known,2026,7,,Known,"University of Manitoba, Winnipeg (R3T 2N2)","49.8076, -97.1366",2m Column Assembly,,,,Pixelframe team,TRUE,16
PX-0084,A5,Yes,Known,2026,8,,Known,"University of Manitoba, Winnipeg (R3T 2N2)","49.8076, -97.1366",3m Column Assembly,,,,Pixelframe team,TRUE,17
PX-0086,A5,Yes,Known,2025,10,,Known,"St. Boniface, Winnipeg (R2J 0S6)","49.874, -97.078",Maintenance load test,,,,Pixelframe team,TRUE,12
PX-0086,A4,No,Known,2026,2,,Known,"University of Manitoba, Winnipeg (R3T 2N2)","49.8076, -97.1366",Moved by flatbed truck to University of Manitoba,0.0391,14.4 km by flatbed truck; 0.002174 kgCO2e/kg x 18 kg. Old Pixelframe truck rate (0.151 kgCO2e/tonne-km) over 14.4 km. Dated with the assembly it arrived for.,,Pixelframe team,TRUE,
PX-0086,A5,Yes,Known,2026,2,,Known,"University of Manitoba, Winnipeg (R3T 2N2)","49.8076, -97.1366",Full scale test,,,,Pixelframe team,TRUE,13
PX-0086,A5,Yes,Known,2026,2,,Known,"University of Manitoba, Winnipeg (R3T 2N2)","49.8076, -97.1366",Hard contact assembly test,,,,Pixelframe team,TRUE,14
PX-0086,A5,Yes,Known,2026,7,,Known,"University of Manitoba, Winnipeg (R3T 2N2)","49.8076, -97.1366",2m Column Assembly,,,,Pixelframe team,TRUE,16
PX-0086,A5,Yes,Known,2026,8,,Known,"University of Manitoba, Winnipeg (R3T 2N2)","49.8076, -97.1366",3m Column Assembly,,,,Pixelframe team,TRUE,17
PX-0087,A5,Yes,Known,2025,10,,Known,"St. Boniface, Winnipeg (R2J 0S6)","49.874, -97.078",Maintenance load test,,,,Pixelframe team,TRUE,12
PX-0087,A4,No,Known,2026,2,,Known,"University of Manitoba, Winnipeg (R3T 2N2)","49.8076, -97.1366",Moved by flatbed truck to University of Manitoba,0.0391,14.4 km by flatbed truck; 0.002174 kgCO2e/kg x 18 kg. Old Pixelframe truck rate (0.151 kgCO2e/tonne-km) over 14.4 km. Dated with the assembly it arrived for.,,Pixelframe team,TRUE,
PX-0087,A5,Yes,Known,2026,2,,Known,"University of Manitoba, Winnipeg (R3T 2N2)","49.8076, -97.1366",Full scale test,,,,Pixelframe team,TRUE,13
PX-0087,A5,Yes,Known,2026,2,,Known,"University of Manitoba, Winnipeg (R3T 2N2)","49.8076, -97.1366",Hard contact assembly test,,,,Pixelframe team,TRUE,14
PX-0087,A5,Yes,Known,2026,8,,Known,"University of Manitoba, Winnipeg (R3T 2N2)","49.8076, -97.1366",3m Column Assembly,,,,Pixelframe team,TRUE,17
PX-0088,A5,Yes,Known,2025,10,,Known,"St. Boniface, Winnipeg (R2J 0S6)","49.874, -97.078",Maintenance load test,,,,Pixelframe team,TRUE,12
PX-0088,A4,No,Known,2026,2,,Known,"University of Manitoba, Winnipeg (R3T 2N2)","49.8076, -97.1366",Moved by flatbed truck to University of Manitoba,0.0391,14.4 km by flatbed truck; 0.002174 kgCO2e/kg x 18 kg. Old Pixelframe truck rate (0.151 kgCO2e/tonne-km) over 14.4 km. Dated with the assembly it arrived for.,,Pixelframe team,TRUE,
PX-0088,A5,Yes,Known,2026,2,,Known,"University of Manitoba, Winnipeg (R3T 2N2)","49.8076, -97.1366",Full scale test,,,,Pixelframe team,TRUE,13
PX-0088,A5,Yes,Known,2026,2,,Known,"University of Manitoba, Winnipeg (R3T 2N2)","49.8076, -97.1366",Hard contact assembly test,,,,Pixelframe team,TRUE,14
PX-0088,A5,Yes,Known,2026,8,,Known,"University of Manitoba, Winnipeg (R3T 2N2)","49.8076, -97.1366",3m Column Assembly,,,,Pixelframe team,TRUE,17
PX-0091,A5,Yes,Known,2025,10,,Known,"St. Boniface, Winnipeg (R2J 0S6)","49.874, -97.078",Maintenance load test,,,,Pixelframe team,TRUE,12
PX-0091,A4,No,Known,2026,2,,Known,"University of Manitoba, Winnipeg (R3T 2N2)","49.8076, -97.1366",Moved by flatbed truck to University of Manitoba,0.0391,14.4 km by flatbed truck; 0.002174 kgCO2e/kg x 18 kg. Old Pixelframe truck rate (0.151 kgCO2e/tonne-km) over 14.4 km. Dated with the assembly it arrived for.,,Pixelframe team,TRUE,
PX-0091,A5,Yes,Known,2026,2,,Known,"University of Manitoba, Winnipeg (R3T 2N2)","49.8076, -97.1366",Full scale test,,,,Pixelframe team,TRUE,13
PX-0091,A5,Yes,Known,2026,2,,Known,"University of Manitoba, Winnipeg (R3T 2N2)","49.8076, -97.1366",Hard contact assembly test,,,,Pixelframe team,TRUE,14
PX-0091,A5,Yes,Known,2026,8,,Known,"University of Manitoba, Winnipeg (R3T 2N2)","49.8076, -97.1366",3m Column Assembly,,,,Pixelframe team,TRUE,17
PX-0093,A5,Yes,Known,2025,10,,Known,"St. Boniface, Winnipeg (R2J 0S6)","49.874, -97.078",Maintenance load test,,,,Pixelframe team,TRUE,12
PX-0093,A4,No,Known,2026,2,,Known,"University of Manitoba, Winnipeg (R3T 2N2)","49.8076, -97.1366",Moved by flatbed truck to University of Manitoba,0.0391,14.4 km by flatbed truck; 0.002174 kgCO2e/kg x 18 kg. Old Pixelframe truck rate (0.151 kgCO2e/tonne-km) over 14.4 km. Dated with the assembly it arrived for.,,Pixelframe team,TRUE,
PX-0093,A5,Yes,Known,2026,2,,Known,"University of Manitoba, Winnipeg (R3T 2N2)","49.8076, -97.1366",Full scale test,,,,Pixelframe team,TRUE,13
PX-0093,A5,Yes,Known,2026,2,,Known,"University of Manitoba, Winnipeg (R3T 2N2)","49.8076, -97.1366",Hard contact assembly test,,,,Pixelframe team,TRUE,14
PX-0093,A5,Yes,Known,2026,7,,Known,"University of Manitoba, Winnipeg (R3T 2N2)","49.8076, -97.1366",2m Column Assembly,,,,Pixelframe team,TRUE,16
PX-0093,A5,Yes,Known,2026,8,,Known,"University of Manitoba, Winnipeg (R3T 2N2)","49.8076, -97.1366",3m Column Assembly,,,,Pixelframe team,TRUE,17
PX-0095,A5,Yes,Known,2025,10,,Known,"St. Boniface, Winnipeg (R2J 0S6)","49.874, -97.078",Maintenance load test,,,,Pixelframe team,TRUE,12
PX-0095,A4,No,Known,2026,2,,Known,"University of Manitoba, Winnipeg (R3T 2N2)","49.8076, -97.1366",Moved by flatbed truck to University of Manitoba,0.0391,14.4 km by flatbed truck; 0.002174 kgCO2e/kg x 18 kg. Old Pixelframe truck rate (0.151 kgCO2e/tonne-km) over 14.4 km. Dated with the assembly it arrived for.,,Pixelframe team,TRUE,
PX-0095,A5,Yes,Known,2026,2,,Known,"University of Manitoba, Winnipeg (R3T 2N2)","49.8076, -97.1366",Full scale test,,,,Pixelframe team,TRUE,13
PX-0095,A5,Yes,Known,2026,2,,Known,"University of Manitoba, Winnipeg (R3T 2N2)","49.8076, -97.1366",Hard contact assembly test,,,,Pixelframe team,TRUE,14
PX-0095,A5,Yes,Known,2026,8,,Known,"University of Manitoba, Winnipeg (R3T 2N2)","49.8076, -97.1366",3m Column Assembly,,,,Pixelframe team,TRUE,17
PX-0096,A5,Yes,Known,2025,10,,Known,"St. Boniface, Winnipeg (R2J 0S6)","49.874, -97.078",Maintenance load test,,,,Pixelframe team,TRUE,12
PX-0096,A4,No,Known,2026,2,,Known,"University of Manitoba, Winnipeg (R3T 2N2)","49.8076, -97.1366",Moved by flatbed truck to University of Manitoba,0.0391,14.4 km by flatbed truck; 0.002174 kgCO2e/kg x 18 kg. Old Pixelframe truck rate (0.151 kgCO2e/tonne-km) over 14.4 km. Dated with the assembly it arrived for.,,Pixelframe team,TRUE,
PX-0096,A5,Yes,Known,2026,2,,Known,"University of Manitoba, Winnipeg (R3T 2N2)","49.8076, -97.1366",Full scale test,,,,Pixelframe team,TRUE,13
PX-0096,A5,Yes,Known,2026,2,,Known,"University of Manitoba, Winnipeg (R3T 2N2)","49.8076, -97.1366",Hard contact assembly test,,,,Pixelframe team,TRUE,14
PX-0097,A5,Yes,Known,2025,10,,Known,"St. Boniface, Winnipeg (R2J 0S6)","49.874, -97.078",Maintenance load test,,,,Pixelframe team,TRUE,12
PX-0097,A4,No,Known,2026,2,,Known,"University of Manitoba, Winnipeg (R3T 2N2)","49.8076, -97.1366",Moved by flatbed truck to University of Manitoba,0.0391,14.4 km by flatbed truck; 0.002174 kgCO2e/kg x 18 kg. Old Pixelframe truck rate (0.151 kgCO2e/tonne-km) over 14.4 km. Dated with the assembly it arrived for.,,Pixelframe team,TRUE,
PX-0097,A5,Yes,Known,2026,2,,Known,"University of Manitoba, Winnipeg (R3T 2N2)","49.8076, -97.1366",Full scale test,,,,Pixelframe team,TRUE,13
PX-0097,A5,Yes,Known,2026,2,,Known,"University of Manitoba, Winnipeg (R3T 2N2)","49.8076, -97.1366",Hard contact assembly test,,,,Pixelframe team,TRUE,14
PX-0098,A5,Yes,Known,2025,10,,Known,"St. Boniface, Winnipeg (R2J 0S6)","49.874, -97.078",Maintenance load test,,,,Pixelframe team,TRUE,12
PX-0098,A4,No,Known,2026,2,,Known,"University of Manitoba, Winnipeg (R3T 2N2)","49.8076, -97.1366",Moved by flatbed truck to University of Manitoba,0.0391,14.4 km by flatbed truck; 0.002174 kgCO2e/kg x 18 kg. Old Pixelframe truck rate (0.151 kgCO2e/tonne-km) over 14.4 km. Dated with the assembly it arrived for.,,Pixelframe team,TRUE,
PX-0098,A5,Yes,Known,2026,2,,Known,"University of Manitoba, Winnipeg (R3T 2N2)","49.8076, -97.1366",Full scale test,,,,Pixelframe team,TRUE,13
PX-0098,A5,Yes,Known,2026,2,,Known,"University of Manitoba, Winnipeg (R3T 2N2)","49.8076, -97.1366",Hard contact assembly test,,,,Pixelframe team,TRUE,14
PX-0099,A5,Yes,Known,2025,10,,Known,"St. Boniface, Winnipeg (R2J 0S6)","49.874, -97.078",Maintenance load test,,,,Pixelframe team,TRUE,12
PX-0099,A4,No,Known,2026,2,,Known,"University of Manitoba, Winnipeg (R3T 2N2)","49.8076, -97.1366",Moved by flatbed truck to University of Manitoba,0.0391,14.4 km by flatbed truck; 0.002174 kgCO2e/kg x 18 kg. Old Pixelframe truck rate (0.151 kgCO2e/tonne-km) over 14.4 km. Dated with the assembly it arrived for.,,Pixelframe team,TRUE,
PX-0099,A5,Yes,Known,2026,2,,Known,"University of Manitoba, Winnipeg (R3T 2N2)","49.8076, -97.1366",Full scale test,,,,Pixelframe team,TRUE,13
PX-0099,A5,Yes,Known,2026,2,,Known,"University of Manitoba, Winnipeg (R3T 2N2)","49.8076, -97.1366",Hard contact assembly test,,,,Pixelframe team,TRUE,14
PX-0100,A5,Yes,Known,2025,10,,Known,"St. Boniface, Winnipeg (R2J 0S6)","49.874, -97.078",Maintenance load test,,,,Pixelframe team,TRUE,12
PX-0100,A4,No,Known,2026,2,,Known,"University of Manitoba, Winnipeg (R3T 2N2)","49.8076, -97.1366",Moved by flatbed truck to University of Manitoba,0.0391,14.4 km by flatbed truck; 0.002174 kgCO2e/kg x 18 kg. Old Pixelframe truck rate (0.151 kgCO2e/tonne-km) over 14.4 km. Dated with the assembly it arrived for.,,Pixelframe team,TRUE,
PX-0100,A5,Yes,Known,2026,2,,Known,"University of Manitoba, Winnipeg (R3T 2N2)","49.8076, -97.1366",Full scale test,,,,Pixelframe team,TRUE,13
PX-0100,A5,Yes,Known,2026,2,,Known,"University of Manitoba, Winnipeg (R3T 2N2)","49.8076, -97.1366",Hard contact assembly test,,,,Pixelframe team,TRUE,14
PX-0101,A5,Yes,Known,2025,10,,Known,"St. Boniface, Winnipeg (R2J 0S6)","49.874, -97.078",Maintenance load test,,,,Pixelframe team,TRUE,12
PX-0101,A4,No,Known,2026,2,,Known,"University of Manitoba, Winnipeg (R3T 2N2)","49.8076, -97.1366",Moved by flatbed truck to University of Manitoba,0.0391,14.4 km by flatbed truck; 0.002174 kgCO2e/kg x 18 kg. Old Pixelframe truck rate (0.151 kgCO2e/tonne-km) over 14.4 km. Dated with the assembly it arrived for.,,Pixelframe team,TRUE,
PX-0101,A5,Yes,Known,2026,2,,Known,"University of Manitoba, Winnipeg (R3T 2N2)","49.8076, -97.1366",Full scale test,,,,Pixelframe team,TRUE,13
PX-0101,A5,Yes,Known,2026,2,,Known,"University of Manitoba, Winnipeg (R3T 2N2)","49.8076, -97.1366",Hard contact assembly test,,,,Pixelframe team,TRUE,14
PX-0102,A5,Yes,Known,2025,10,,Known,"St. Boniface, Winnipeg (R2J 0S6)","49.874, -97.078",Maintenance load test,,,,Pixelframe team,TRUE,12
PX-0102,A4,No,Known,2026,2,,Known,"University of Manitoba, Winnipeg (R3T 2N2)","49.8076, -97.1366",Moved by flatbed truck to University of Manitoba,0.0391,14.4 km by flatbed truck; 0.002174 kgCO2e/kg x 18 kg. Old Pixelframe truck rate (0.151 kgCO2e/tonne-km) over 14.4 km. Dated with the assembly it arrived for.,,Pixelframe team,TRUE,
PX-0102,A5,Yes,Known,2026,2,,Known,"University of Manitoba, Winnipeg (R3T 2N2)","49.8076, -97.1366",Full scale test,,,,Pixelframe team,TRUE,13
PX-0102,A5,Yes,Known,2026,2,,Known,"University of Manitoba, Winnipeg (R3T 2N2)","49.8076, -97.1366",Hard contact assembly test,,,,Pixelframe team,TRUE,14
PX-0103,A5,Yes,Known,2025,10,,Known,"St. Boniface, Winnipeg (R2J 0S6)","49.874, -97.078",Maintenance load test,,,,Pixelframe team,TRUE,12
PX-0103,A4,No,Known,2026,2,,Known,"University of Manitoba, Winnipeg (R3T 2N2)","49.8076, -97.1366",Moved by flatbed truck to University of Manitoba,0.0391,14.4 km by flatbed truck; 0.002174 kgCO2e/kg x 18 kg. Old Pixelframe truck rate (0.151 kgCO2e/tonne-km) over 14.4 km. Dated with the assembly it arrived for.,,Pixelframe team,TRUE,
PX-0103,A5,Yes,Known,2026,2,,Known,"University of Manitoba, Winnipeg (R3T 2N2)","49.8076, -97.1366",Full scale test,,,,Pixelframe team,TRUE,13
PX-0103,A5,Yes,Known,2026,2,,Known,"University of Manitoba, Winnipeg (R3T 2N2)","49.8076, -97.1366",Hard contact assembly test,,,,Pixelframe team,TRUE,14
PX-0103,A5,Yes,Known,2026,7,,Known,"University of Manitoba, Winnipeg (R3T 2N2)","49.8076, -97.1366",2m Column Assembly,,,,Pixelframe team,TRUE,16
PX-0103,A5,Yes,Known,2026,8,,Known,"University of Manitoba, Winnipeg (R3T 2N2)","49.8076, -97.1366",3m Column Assembly,,,,Pixelframe team,TRUE,17
PX-0104,A5,Yes,Known,2025,10,,Known,"St. Boniface, Winnipeg (R2J 0S6)","49.874, -97.078",Maintenance load test,,,,Pixelframe team,TRUE,12
PX-0104,A4,No,Known,2026,2,,Known,"University of Manitoba, Winnipeg (R3T 2N2)","49.8076, -97.1366",Moved by flatbed truck to University of Manitoba,0.0391,14.4 km by flatbed truck; 0.002174 kgCO2e/kg x 18 kg. Old Pixelframe truck rate (0.151 kgCO2e/tonne-km) over 14.4 km. Dated with the assembly it arrived for.,,Pixelframe team,TRUE,
PX-0104,A5,Yes,Known,2026,2,,Known,"University of Manitoba, Winnipeg (R3T 2N2)","49.8076, -97.1366",Full scale test,,,,Pixelframe team,TRUE,13
PX-0104,A5,Yes,Known,2026,2,,Known,"University of Manitoba, Winnipeg (R3T 2N2)","49.8076, -97.1366",Hard contact assembly test,,,,Pixelframe team,TRUE,14
PX-0105,A5,Yes,Known,2025,10,,Known,"St. Boniface, Winnipeg (R2J 0S6)","49.874, -97.078",Maintenance load test,,,,Pixelframe team,TRUE,12
PX-0105,A4,No,Known,2026,2,,Known,"University of Manitoba, Winnipeg (R3T 2N2)","49.8076, -97.1366",Moved by flatbed truck to University of Manitoba,0.0391,14.4 km by flatbed truck; 0.002174 kgCO2e/kg x 18 kg. Old Pixelframe truck rate (0.151 kgCO2e/tonne-km) over 14.4 km. Dated with the assembly it arrived for.,,Pixelframe team,TRUE,
PX-0105,A5,Yes,Known,2026,2,,Known,"University of Manitoba, Winnipeg (R3T 2N2)","49.8076, -97.1366",Full scale test,,,,Pixelframe team,TRUE,13
PX-0105,A5,Yes,Known,2026,2,,Known,"University of Manitoba, Winnipeg (R3T 2N2)","49.8076, -97.1366",Hard contact assembly test,,,,Pixelframe team,TRUE,14
PX-0106,A5,Yes,Known,2025,10,,Known,"St. Boniface, Winnipeg (R2J 0S6)","49.874, -97.078",Maintenance load test,,,,Pixelframe team,TRUE,12
PX-0106,A4,No,Known,2026,2,,Known,"University of Manitoba, Winnipeg (R3T 2N2)","49.8076, -97.1366",Moved by flatbed truck to University of Manitoba,0.0391,14.4 km by flatbed truck; 0.002174 kgCO2e/kg x 18 kg. Old Pixelframe truck rate (0.151 kgCO2e/tonne-km) over 14.4 km. Dated with the assembly it arrived for.,,Pixelframe team,TRUE,
PX-0106,A5,Yes,Known,2026,2,,Known,"University of Manitoba, Winnipeg (R3T 2N2)","49.8076, -97.1366",Full scale test,,,,Pixelframe team,TRUE,13
PX-0106,A5,Yes,Known,2026,2,,Known,"University of Manitoba, Winnipeg (R3T 2N2)","49.8076, -97.1366",Hard contact assembly test,,,,Pixelframe team,TRUE,14
PX-0107,A5,Yes,Known,2025,10,,Known,"St. Boniface, Winnipeg (R2J 0S6)","49.874, -97.078",Maintenance load test,,,,Pixelframe team,TRUE,12
PX-0107,A4,No,Known,2026,2,,Known,"University of Manitoba, Winnipeg (R3T 2N2)","49.8076, -97.1366",Moved by flatbed truck to University of Manitoba,0.0391,14.4 km by flatbed truck; 0.002174 kgCO2e/kg x 18 kg. Old Pixelframe truck rate (0.151 kgCO2e/tonne-km) over 14.4 km. Dated with the assembly it arrived for.,,Pixelframe team,TRUE,
PX-0107,A5,Yes,Known,2026,2,,Known,"University of Manitoba, Winnipeg (R3T 2N2)","49.8076, -97.1366",Full scale test,,,,Pixelframe team,TRUE,13
PX-0107,A5,Yes,Known,2026,2,,Known,"University of Manitoba, Winnipeg (R3T 2N2)","49.8076, -97.1366",Hard contact assembly test,,,,Pixelframe team,TRUE,14
PX-0107,A5,Yes,Known,2026,7,,Known,"University of Manitoba, Winnipeg (R3T 2N2)","49.8076, -97.1366",2m Column Assembly,,,,Pixelframe team,TRUE,16
PX-0107,A5,Yes,Known,2026,8,,Known,"University of Manitoba, Winnipeg (R3T 2N2)","49.8076, -97.1366",3m Column Assembly,,,,Pixelframe team,TRUE,17
PX-0108,A5,Yes,Known,2025,10,,Known,"St. Boniface, Winnipeg (R2J 0S6)","49.874, -97.078",Maintenance load test,,,,Pixelframe team,TRUE,12
PX-0108,A4,No,Known,2026,2,,Known,"University of Manitoba, Winnipeg (R3T 2N2)","49.8076, -97.1366",Moved by flatbed truck to University of Manitoba,0.0391,14.4 km by flatbed truck; 0.002174 kgCO2e/kg x 18 kg. Old Pixelframe truck rate (0.151 kgCO2e/tonne-km) over 14.4 km. Dated with the assembly it arrived for.,,Pixelframe team,TRUE,
PX-0108,A5,Yes,Known,2026,2,,Known,"University of Manitoba, Winnipeg (R3T 2N2)","49.8076, -97.1366",Full scale test,,,,Pixelframe team,TRUE,13
PX-0108,A5,Yes,Known,2026,2,,Known,"University of Manitoba, Winnipeg (R3T 2N2)","49.8076, -97.1366",Hard contact assembly test,,,,Pixelframe team,TRUE,14
PX-0109,A5,Yes,Known,2025,10,,Known,"St. Boniface, Winnipeg (R2J 0S6)","49.874, -97.078",Maintenance load test,,,,Pixelframe team,TRUE,12
PX-0109,A4,No,Known,2026,2,,Known,"University of Manitoba, Winnipeg (R3T 2N2)","49.8076, -97.1366",Moved by flatbed truck to University of Manitoba,0.0391,14.4 km by flatbed truck; 0.002174 kgCO2e/kg x 18 kg. Old Pixelframe truck rate (0.151 kgCO2e/tonne-km) over 14.4 km. Dated with the assembly it arrived for.,,Pixelframe team,TRUE,
PX-0109,A5,Yes,Known,2026,2,,Known,"University of Manitoba, Winnipeg (R3T 2N2)","49.8076, -97.1366",Full scale test,,,,Pixelframe team,TRUE,13
PX-0109,A5,Yes,Known,2026,2,,Known,"University of Manitoba, Winnipeg (R3T 2N2)","49.8076, -97.1366",Hard contact assembly test,,,,Pixelframe team,TRUE,14
PX-0109,A5,Yes,Known,2026,7,,Known,"University of Manitoba, Winnipeg (R3T 2N2)","49.8076, -97.1366",2m Column Assembly,,,,Pixelframe team,TRUE,16
PX-0109,A5,Yes,Known,2026,8,,Known,"University of Manitoba, Winnipeg (R3T 2N2)","49.8076, -97.1366",3m Column Assembly,,,,Pixelframe team,TRUE,17
PX-0110,A5,Yes,Known,2025,10,,Known,"St. Boniface, Winnipeg (R2J 0S6)","49.874, -97.078",Maintenance load test,,,,Pixelframe team,TRUE,12
PX-0110,A4,No,Known,2026,2,,Known,"University of Manitoba, Winnipeg (R3T 2N2)","49.8076, -97.1366",Moved by flatbed truck to University of Manitoba,0.0391,14.4 km by flatbed truck; 0.002174 kgCO2e/kg x 18 kg. Old Pixelframe truck rate (0.151 kgCO2e/tonne-km) over 14.4 km. Dated with the assembly it arrived for.,,Pixelframe team,TRUE,
PX-0110,A5,Yes,Known,2026,2,,Known,"University of Manitoba, Winnipeg (R3T 2N2)","49.8076, -97.1366",Full scale test,,,,Pixelframe team,TRUE,13
PX-0110,A5,Yes,Known,2026,2,,Known,"University of Manitoba, Winnipeg (R3T 2N2)","49.8076, -97.1366",Hard contact assembly test,,,,Pixelframe team,TRUE,14
PX-0110,A5,Yes,Known,2026,7,,Known,"University of Manitoba, Winnipeg (R3T 2N2)","49.8076, -97.1366",2m Column Assembly,,,,Pixelframe team,TRUE,16
PX-0110,A5,Yes,Known,2026,8,,Known,"University of Manitoba, Winnipeg (R3T 2N2)","49.8076, -97.1366",3m Column Assembly,,,,Pixelframe team,TRUE,17
PX-0111,A5,Yes,Known,2025,10,,Known,"St. Boniface, Winnipeg (R2J 0S6)","49.874, -97.078",Maintenance load test,,,,Pixelframe team,TRUE,12
PX-0111,A4,No,Known,2026,2,,Known,"University of Manitoba, Winnipeg (R3T 2N2)","49.8076, -97.1366",Moved by flatbed truck to University of Manitoba,0.0391,14.4 km by flatbed truck; 0.002174 kgCO2e/kg x 18 kg. Old Pixelframe truck rate (0.151 kgCO2e/tonne-km) over 14.4 km. Dated with the assembly it arrived for.,,Pixelframe team,TRUE,
PX-0111,A5,Yes,Known,2026,2,,Known,"University of Manitoba, Winnipeg (R3T 2N2)","49.8076, -97.1366",Full scale test,,,,Pixelframe team,TRUE,13
PX-0111,A5,Yes,Known,2026,2,,Known,"University of Manitoba, Winnipeg (R3T 2N2)","49.8076, -97.1366",Hard contact assembly test,,,,Pixelframe team,TRUE,14
PX-0112,A5,Yes,Known,2025,10,,Known,"St. Boniface, Winnipeg (R2J 0S6)","49.874, -97.078",Maintenance load test,,,,Pixelframe team,TRUE,12
PX-0112,A4,No,Known,2026,2,,Known,"University of Manitoba, Winnipeg (R3T 2N2)","49.8076, -97.1366",Moved by flatbed truck to University of Manitoba,0.0391,14.4 km by flatbed truck; 0.002174 kgCO2e/kg x 18 kg. Old Pixelframe truck rate (0.151 kgCO2e/tonne-km) over 14.4 km. Dated with the assembly it arrived for.,,Pixelframe team,TRUE,
PX-0112,A5,Yes,Known,2026,2,,Known,"University of Manitoba, Winnipeg (R3T 2N2)","49.8076, -97.1366",Full scale test,,,,Pixelframe team,TRUE,13
PX-0112,A5,Yes,Known,2026,2,,Known,"University of Manitoba, Winnipeg (R3T 2N2)","49.8076, -97.1366",Hard contact assembly test,,,,Pixelframe team,TRUE,14
PX-0112,A5,Yes,Known,2026,7,,Known,"University of Manitoba, Winnipeg (R3T 2N2)","49.8076, -97.1366",2m Column Assembly,,,,Pixelframe team,TRUE,16
PX-0112,A5,Yes,Known,2026,8,,Known,"University of Manitoba, Winnipeg (R3T 2N2)","49.8076, -97.1366",3m Column Assembly,,,,Pixelframe team,TRUE,17
PX-0113,A5,Yes,Known,2025,10,,Known,"St. Boniface, Winnipeg (R2J 0S6)","49.874, -97.078",Maintenance load test,,,,Pixelframe team,TRUE,12
PX-0113,A4,No,Known,2026,2,,Known,"University of Manitoba, Winnipeg (R3T 2N2)","49.8076, -97.1366",Moved by flatbed truck to University of Manitoba,0.0391,14.4 km by flatbed truck; 0.002174 kgCO2e/kg x 18 kg. Old Pixelframe truck rate (0.151 kgCO2e/tonne-km) over 14.4 km. Dated with the assembly it arrived for.,,Pixelframe team,TRUE,
PX-0113,A5,Yes,Known,2026,2,,Known,"University of Manitoba, Winnipeg (R3T 2N2)","49.8076, -97.1366",Full scale test,,,,Pixelframe team,TRUE,13
PX-0113,A5,Yes,Known,2026,2,,Known,"University of Manitoba, Winnipeg (R3T 2N2)","49.8076, -97.1366",Hard contact assembly test,,,,Pixelframe team,TRUE,14
PX-0113,A5,Yes,Known,2026,7,,Known,"University of Manitoba, Winnipeg (R3T 2N2)","49.8076, -97.1366",2m Column Assembly,,,,Pixelframe team,TRUE,16
PX-0113,A5,Yes,Known,2026,8,,Known,"University of Manitoba, Winnipeg (R3T 2N2)","49.8076, -97.1366",3m Column Assembly,,,,Pixelframe team,TRUE,17
PX-0114,A5,Yes,Known,2026,5,,Known,"St. Boniface, Winnipeg (R2J 0S6)","49.874, -97.078",Hard contact assembly #2,,,,Pixelframe team,TRUE,15
PX-0114,A4,No,Known,2026,7,,Known,"University of Manitoba, Winnipeg (R3T 2N2)","49.8076, -97.1366",Moved by flatbed truck to University of Manitoba,0.0391,14.4 km by flatbed truck; 0.002174 kgCO2e/kg x 18 kg. Old Pixelframe truck rate (0.151 kgCO2e/tonne-km) over 14.4 km. Dated with the assembly it arrived for.,,Pixelframe team,TRUE,
PX-0114,A5,Yes,Known,2026,7,,Known,"University of Manitoba, Winnipeg (R3T 2N2)","49.8076, -97.1366",2m Column Assembly,,,,Pixelframe team,TRUE,16
PX-0114,A5,Yes,Known,2026,8,,Known,"University of Manitoba, Winnipeg (R3T 2N2)","49.8076, -97.1366",3m Column Assembly,,,,Pixelframe team,TRUE,17
PX-0115,A5,Yes,Known,2026,5,,Known,"St. Boniface, Winnipeg (R2J 0S6)","49.874, -97.078",Hard contact assembly #2,,,,Pixelframe team,TRUE,15
PX-0115,A5,No,Known,2026,5,,Known,"St. Boniface, Winnipeg (R2J 0S6)","49.874, -97.078",Ground to fit (Hard contact assembly #2),,,,Pixelframe team,TRUE,
PX-0115,A4,No,Known,2026,7,,Known,"University of Manitoba, Winnipeg (R3T 2N2)","49.8076, -97.1366",Moved by flatbed truck to University of Manitoba,0.0391,14.4 km by flatbed truck; 0.002174 kgCO2e/kg x 18 kg. Old Pixelframe truck rate (0.151 kgCO2e/tonne-km) over 14.4 km. Dated with the assembly it arrived for.,,Pixelframe team,TRUE,
PX-0115,A5,Yes,Known,2026,7,,Known,"University of Manitoba, Winnipeg (R3T 2N2)","49.8076, -97.1366",2m Column Assembly,,,,Pixelframe team,TRUE,16
PX-0115,A5,Yes,Known,2026,8,,Known,"University of Manitoba, Winnipeg (R3T 2N2)","49.8076, -97.1366",3m Column Assembly,,,,Pixelframe team,TRUE,17
PX-0116,A5,Yes,Known,2026,5,,Known,"St. Boniface, Winnipeg (R2J 0S6)","49.874, -97.078",Hard contact assembly #2,,,,Pixelframe team,TRUE,15
PX-0116,A4,No,Approximate,2026,8,,Known,"University of Manitoba, Winnipeg (R3T 2N2)","49.8076, -97.1366",Moved by flatbed truck to University of Manitoba,0.0391,"14.4 km by flatbed truck; 0.002174 kgCO2e/kg x 18 kg. PLACEHOLDER date, based on when the rest of its batch moved.",,Pixelframe team,TRUE,
PX-0117,A5,Yes,Known,2026,5,,Known,"St. Boniface, Winnipeg (R2J 0S6)","49.874, -97.078",Hard contact assembly #2,,,,Pixelframe team,TRUE,15
PX-0117,A4,No,Known,2026,7,,Known,"University of Manitoba, Winnipeg (R3T 2N2)","49.8076, -97.1366",Moved by flatbed truck to University of Manitoba,0.0391,14.4 km by flatbed truck; 0.002174 kgCO2e/kg x 18 kg. Old Pixelframe truck rate (0.151 kgCO2e/tonne-km) over 14.4 km. Dated with the assembly it arrived for.,,Pixelframe team,TRUE,
PX-0117,A5,Yes,Known,2026,7,,Known,"University of Manitoba, Winnipeg (R3T 2N2)","49.8076, -97.1366",2m Column Assembly,,,,Pixelframe team,TRUE,16
PX-0117,A5,Yes,Known,2026,8,,Known,"University of Manitoba, Winnipeg (R3T 2N2)","49.8076, -97.1366",3m Column Assembly,,,,Pixelframe team,TRUE,17
PX-0118,A5,Yes,Known,2026,5,,Known,"St. Boniface, Winnipeg (R2J 0S6)","49.874, -97.078",Hard contact assembly #2,,,,Pixelframe team,TRUE,15
PX-0118,A4,No,Known,2026,7,,Known,"University of Manitoba, Winnipeg (R3T 2N2)","49.8076, -97.1366",Moved by flatbed truck to University of Manitoba,0.0391,14.4 km by flatbed truck; 0.002174 kgCO2e/kg x 18 kg. Old Pixelframe truck rate (0.151 kgCO2e/tonne-km) over 14.4 km. Dated with the assembly it arrived for.,,Pixelframe team,TRUE,
PX-0118,A5,Yes,Known,2026,7,,Known,"University of Manitoba, Winnipeg (R3T 2N2)","49.8076, -97.1366",2m Column Assembly,,,,Pixelframe team,TRUE,16
PX-0118,A5,Yes,Known,2026,8,,Known,"University of Manitoba, Winnipeg (R3T 2N2)","49.8076, -97.1366",3m Column Assembly,,,,Pixelframe team,TRUE,17
PX-0119,A5,Yes,Known,2026,5,,Known,"St. Boniface, Winnipeg (R2J 0S6)","49.874, -97.078",Hard contact assembly #2,,,,Pixelframe team,TRUE,15
PX-0119,A4,No,Approximate,2026,8,,Known,"University of Manitoba, Winnipeg (R3T 2N2)","49.8076, -97.1366",Moved by flatbed truck to University of Manitoba,0.0391,"14.4 km by flatbed truck; 0.002174 kgCO2e/kg x 18 kg. PLACEHOLDER date, based on when the rest of its batch moved.",,Pixelframe team,TRUE,
PX-0120,A5,Yes,Known,2026,5,,Known,"St. Boniface, Winnipeg (R2J 0S6)","49.874, -97.078",Hard contact assembly #2,,,,Pixelframe team,TRUE,15
PX-0120,A4,No,Known,2026,7,,Known,"University of Manitoba, Winnipeg (R3T 2N2)","49.8076, -97.1366",Moved by flatbed truck to University of Manitoba,0.0391,14.4 km by flatbed truck; 0.002174 kgCO2e/kg x 18 kg. Old Pixelframe truck rate (0.151 kgCO2e/tonne-km) over 14.4 km. Dated with the assembly it arrived for.,,Pixelframe team,TRUE,
PX-0120,A5,Yes,Known,2026,7,,Known,"University of Manitoba, Winnipeg (R3T 2N2)","49.8076, -97.1366",2m Column Assembly,,,,Pixelframe team,TRUE,16
PX-0120,A5,Yes,Known,2026,8,,Known,"University of Manitoba, Winnipeg (R3T 2N2)","49.8076, -97.1366",3m Column Assembly,,,,Pixelframe team,TRUE,17
PX-0121,A5,Yes,Known,2026,5,,Known,"St. Boniface, Winnipeg (R2J 0S6)","49.874, -97.078",Hard contact assembly #2,,,,Pixelframe team,TRUE,15
PX-0121,A4,No,Known,2026,7,,Known,"University of Manitoba, Winnipeg (R3T 2N2)","49.8076, -97.1366",Moved by flatbed truck to University of Manitoba,0.0391,14.4 km by flatbed truck; 0.002174 kgCO2e/kg x 18 kg. Old Pixelframe truck rate (0.151 kgCO2e/tonne-km) over 14.4 km. Dated with the assembly it arrived for.,,Pixelframe team,TRUE,
PX-0121,A5,Yes,Known,2026,7,,Known,"University of Manitoba, Winnipeg (R3T 2N2)","49.8076, -97.1366",2m Column Assembly,,,,Pixelframe team,TRUE,16
PX-0121,A5,Yes,Known,2026,8,,Known,"University of Manitoba, Winnipeg (R3T 2N2)","49.8076, -97.1366",3m Column Assembly,,,,Pixelframe team,TRUE,17
PX-0122,A5,Yes,Known,2026,5,,Known,"St. Boniface, Winnipeg (R2J 0S6)","49.874, -97.078",Hard contact assembly #2,,,,Pixelframe team,TRUE,15
PX-0122,A4,No,Approximate,2026,8,,Known,"University of Manitoba, Winnipeg (R3T 2N2)","49.8076, -97.1366",Moved by flatbed truck to University of Manitoba,0.0391,"14.4 km by flatbed truck; 0.002174 kgCO2e/kg x 18 kg. PLACEHOLDER date, based on when the rest of its batch moved.",,Pixelframe team,TRUE,
PX-0123,A5,Yes,Known,2026,5,,Known,"St. Boniface, Winnipeg (R2J 0S6)","49.874, -97.078",Hard contact assembly #2,,,,Pixelframe team,TRUE,15
PX-0123,A4,No,Approximate,2026,8,,Known,"University of Manitoba, Winnipeg (R3T 2N2)","49.8076, -97.1366",Moved by flatbed truck to University of Manitoba,0.0391,"14.4 km by flatbed truck; 0.002174 kgCO2e/kg x 18 kg. PLACEHOLDER date, based on when the rest of its batch moved.",,Pixelframe team,TRUE,
PX-0124,A5,Yes,Known,2026,5,,Known,"St. Boniface, Winnipeg (R2J 0S6)","49.874, -97.078",Hard contact assembly #2,,,,Pixelframe team,TRUE,15
PX-0124,A4,No,Approximate,2026,8,,Known,"University of Manitoba, Winnipeg (R3T 2N2)","49.8076, -97.1366",Moved by flatbed truck to University of Manitoba,0.0391,"14.4 km by flatbed truck; 0.002174 kgCO2e/kg x 18 kg. PLACEHOLDER date, based on when the rest of its batch moved.",,Pixelframe team,TRUE,
PX-0125,A5,Yes,Known,2026,5,,Known,"St. Boniface, Winnipeg (R2J 0S6)","49.874, -97.078",Hard contact assembly #2,,,,Pixelframe team,TRUE,15
PX-0125,A4,No,Approximate,2026,8,,Known,"University of Manitoba, Winnipeg (R3T 2N2)","49.8076, -97.1366",Moved by flatbed truck to University of Manitoba,0.0391,"14.4 km by flatbed truck; 0.002174 kgCO2e/kg x 18 kg. PLACEHOLDER date, based on when the rest of its batch moved.",,Pixelframe team,TRUE,
PX-0126,A5,Yes,Known,2026,5,,Known,"St. Boniface, Winnipeg (R2J 0S6)","49.874, -97.078",Hard contact assembly #2,,,,Pixelframe team,TRUE,15
PX-0126,A4,No,Approximate,2026,8,,Known,"University of Manitoba, Winnipeg (R3T 2N2)","49.8076, -97.1366",Moved by flatbed truck to University of Manitoba,0.0391,"14.4 km by flatbed truck; 0.002174 kgCO2e/kg x 18 kg. PLACEHOLDER date, based on when the rest of its batch moved.",,Pixelframe team,TRUE,
PX-0127,A5,Yes,Known,2026,5,,Known,"St. Boniface, Winnipeg (R2J 0S6)","49.874, -97.078",Hard contact assembly #2,,,,Pixelframe team,TRUE,15
PX-0127,A5,No,Known,2026,5,,Known,"St. Boniface, Winnipeg (R2J 0S6)","49.874, -97.078",Ground to fit (Hard contact assembly #2),,,,Pixelframe team,TRUE,
PX-0127,A4,No,Approximate,2026,8,,Known,"University of Manitoba, Winnipeg (R3T 2N2)","49.8076, -97.1366",Moved by flatbed truck to University of Manitoba,0.0391,"14.4 km by flatbed truck; 0.002174 kgCO2e/kg x 18 kg. PLACEHOLDER date, based on when the rest of its batch moved.",,Pixelframe team,TRUE,
PX-0128,A5,Yes,Known,2026,5,,Known,"St. Boniface, Winnipeg (R2J 0S6)","49.874, -97.078",Hard contact assembly #2,,,,Pixelframe team,TRUE,15
PX-0128,A4,No,Approximate,2026,8,,Known,"University of Manitoba, Winnipeg (R3T 2N2)","49.8076, -97.1366",Moved by flatbed truck to University of Manitoba,0.0391,"14.4 km by flatbed truck; 0.002174 kgCO2e/kg x 18 kg. PLACEHOLDER date, based on when the rest of its batch moved.",,Pixelframe team,TRUE,
PX-0129,A5,Yes,Known,2026,5,,Known,"St. Boniface, Winnipeg (R2J 0S6)","49.874, -97.078",Hard contact assembly #2,,,,Pixelframe team,TRUE,15
PX-0129,A4,No,Approximate,2026,8,,Known,"University of Manitoba, Winnipeg (R3T 2N2)","49.8076, -97.1366",Moved by flatbed truck to University of Manitoba,0.0391,"14.4 km by flatbed truck; 0.002174 kgCO2e/kg x 18 kg. PLACEHOLDER date, based on when the rest of its batch moved.",,Pixelframe team,TRUE,
PX-0130,A5,Yes,Known,2026,5,,Known,"St. Boniface, Winnipeg (R2J 0S6)","49.874, -97.078",Hard contact assembly #2,,,,Pixelframe team,TRUE,15
PX-0130,A4,No,Approximate,2026,8,,Known,"University of Manitoba, Winnipeg (R3T 2N2)","49.8076, -97.1366",Moved by flatbed truck to University of Manitoba,0.0391,"14.4 km by flatbed truck; 0.002174 kgCO2e/kg x 18 kg. PLACEHOLDER date, based on when the rest of its batch moved.",,Pixelframe team,TRUE,
PX-0131,A5,Yes,Known,2026,5,,Known,"St. Boniface, Winnipeg (R2J 0S6)","49.874, -97.078",Hard contact assembly #2,,,,Pixelframe team,TRUE,15
PX-0131,A4,No,Approximate,2026,8,,Known,"University of Manitoba, Winnipeg (R3T 2N2)","49.8076, -97.1366",Moved by flatbed truck to University of Manitoba,0.0391,"14.4 km by flatbed truck; 0.002174 kgCO2e/kg x 18 kg. PLACEHOLDER date, based on when the rest of its batch moved.",,Pixelframe team,TRUE,
PX-0132,A5,Yes,Known,2026,5,,Known,"St. Boniface, Winnipeg (R2J 0S6)","49.874, -97.078",Hard contact assembly #2,,,,Pixelframe team,TRUE,15
PX-0132,A4,No,Approximate,2026,8,,Known,"University of Manitoba, Winnipeg (R3T 2N2)","49.8076, -97.1366",Moved by flatbed truck to University of Manitoba,0.0391,"14.4 km by flatbed truck; 0.002174 kgCO2e/kg x 18 kg. PLACEHOLDER date, based on when the rest of its batch moved.",,Pixelframe team,TRUE,
PX-0133,A5,Yes,Known,2026,5,,Known,"St. Boniface, Winnipeg (R2J 0S6)","49.874, -97.078",Hard contact assembly #2,,,,Pixelframe team,TRUE,15
PX-0133,A4,No,Approximate,2026,8,,Known,"University of Manitoba, Winnipeg (R3T 2N2)","49.8076, -97.1366",Moved by flatbed truck to University of Manitoba,0.0391,"14.4 km by flatbed truck; 0.002174 kgCO2e/kg x 18 kg. PLACEHOLDER date, based on when the rest of its batch moved.",,Pixelframe team,TRUE,
PX-0134,A5,Yes,Known,2026,5,,Known,"St. Boniface, Winnipeg (R2J 0S6)","49.874, -97.078",Hard contact assembly #2,,,,Pixelframe team,TRUE,15
PX-0134,A4,No,Approximate,2026,8,,Known,"University of Manitoba, Winnipeg (R3T 2N2)","49.8076, -97.1366",Moved by flatbed truck to University of Manitoba,0.0391,"14.4 km by flatbed truck; 0.002174 kgCO2e/kg x 18 kg. PLACEHOLDER date, based on when the rest of its batch moved.",,Pixelframe team,TRUE,
PX-0135,A5,Yes,Known,2026,5,,Known,"St. Boniface, Winnipeg (R2J 0S6)","49.874, -97.078",Hard contact assembly #2,,,,Pixelframe team,TRUE,15
PX-0135,A5,No,Known,2026,5,,Known,"St. Boniface, Winnipeg (R2J 0S6)","49.874, -97.078",Ground to fit (Hard contact assembly #2),,,,Pixelframe team,TRUE,
PX-0135,A4,No,Approximate,2026,8,,Known,"University of Manitoba, Winnipeg (R3T 2N2)","49.8076, -97.1366",Moved by flatbed truck to University of Manitoba,0.0391,"14.4 km by flatbed truck; 0.002174 kgCO2e/kg x 18 kg. PLACEHOLDER date, based on when the rest of its batch moved.",,Pixelframe team,TRUE,
PX-0136,A5,Yes,Known,2026,5,,Known,"St. Boniface, Winnipeg (R2J 0S6)","49.874, -97.078",Hard contact assembly #2,,,,Pixelframe team,TRUE,15
PX-0136,A4,No,Approximate,2026,8,,Known,"University of Manitoba, Winnipeg (R3T 2N2)","49.8076, -97.1366",Moved by flatbed truck to University of Manitoba,0.0391,"14.4 km by flatbed truck; 0.002174 kgCO2e/kg x 18 kg. PLACEHOLDER date, based on when the rest of its batch moved.",,Pixelframe team,TRUE,
PX-0137,A5,Yes,Known,2026,5,,Known,"St. Boniface, Winnipeg (R2J 0S6)","49.874, -97.078",Hard contact assembly #2,,,,Pixelframe team,TRUE,15
PX-0137,A4,No,Approximate,2026,8,,Known,"University of Manitoba, Winnipeg (R3T 2N2)","49.8076, -97.1366",Moved by flatbed truck to University of Manitoba,0.0391,"14.4 km by flatbed truck; 0.002174 kgCO2e/kg x 18 kg. PLACEHOLDER date, based on when the rest of its batch moved.",,Pixelframe team,TRUE,
PX-0138,A5,Yes,Known,2026,5,,Known,"St. Boniface, Winnipeg (R2J 0S6)","49.874, -97.078",Hard contact assembly #2,,,,Pixelframe team,TRUE,15
PX-0138,A4,No,Approximate,2026,8,,Known,"University of Manitoba, Winnipeg (R3T 2N2)","49.8076, -97.1366",Moved by flatbed truck to University of Manitoba,0.0391,"14.4 km by flatbed truck; 0.002174 kgCO2e/kg x 18 kg. PLACEHOLDER date, based on when the rest of its batch moved.",,Pixelframe team,TRUE,
PX-0139,A5,Yes,Known,2026,5,,Known,"St. Boniface, Winnipeg (R2J 0S6)","49.874, -97.078",Hard contact assembly #2,,,,Pixelframe team,TRUE,15
PX-0139,A4,No,Approximate,2026,8,,Known,"University of Manitoba, Winnipeg (R3T 2N2)","49.8076, -97.1366",Moved by flatbed truck to University of Manitoba,0.0391,"14.4 km by flatbed truck; 0.002174 kgCO2e/kg x 18 kg. PLACEHOLDER date, based on when the rest of its batch moved.",,Pixelframe team,TRUE,
PX-0140,A5,Yes,Known,2026,5,,Known,"St. Boniface, Winnipeg (R2J 0S6)","49.874, -97.078",Hard contact assembly #2,,,,Pixelframe team,TRUE,15
PX-0140,A4,No,Approximate,2026,8,,Known,"University of Manitoba, Winnipeg (R3T 2N2)","49.8076, -97.1366",Moved by flatbed truck to University of Manitoba,0.0391,"14.4 km by flatbed truck; 0.002174 kgCO2e/kg x 18 kg. PLACEHOLDER date, based on when the rest of its batch moved.",,Pixelframe team,TRUE,
PX-0141,A5,Yes,Known,2026,5,,Known,"St. Boniface, Winnipeg (R2J 0S6)","49.874, -97.078",Hard contact assembly #2,,,,Pixelframe team,TRUE,15
PX-0141,A4,No,Approximate,2026,8,,Known,"University of Manitoba, Winnipeg (R3T 2N2)","49.8076, -97.1366",Moved by flatbed truck to University of Manitoba,0.0391,"14.4 km by flatbed truck; 0.002174 kgCO2e/kg x 18 kg. PLACEHOLDER date, based on when the rest of its batch moved.",,Pixelframe team,TRUE,
PX-0142,A5,Yes,Known,2026,5,,Known,"St. Boniface, Winnipeg (R2J 0S6)","49.874, -97.078",Hard contact assembly #2,,,,Pixelframe team,TRUE,15
PX-0142,A4,No,Approximate,2026,8,,Known,"University of Manitoba, Winnipeg (R3T 2N2)","49.8076, -97.1366",Moved by flatbed truck to University of Manitoba,0.0391,"14.4 km by flatbed truck; 0.002174 kgCO2e/kg x 18 kg. PLACEHOLDER date, based on when the rest of its batch moved.",,Pixelframe team,TRUE,
PX-0143,A5,Yes,Known,2026,5,,Known,"St. Boniface, Winnipeg (R2J 0S6)","49.874, -97.078",Hard contact assembly #2,,,,Pixelframe team,TRUE,15
PX-0143,A4,No,Approximate,2026,8,,Known,"University of Manitoba, Winnipeg (R3T 2N2)","49.8076, -97.1366",Moved by flatbed truck to University of Manitoba,0.0391,"14.4 km by flatbed truck; 0.002174 kgCO2e/kg x 18 kg. PLACEHOLDER date, based on when the rest of its batch moved.",,Pixelframe team,TRUE,
PX-0144,A4,No,Known,2026,8,,Known,"University of Manitoba, Winnipeg (R3T 2N2)","49.8076, -97.1366",Moved by flatbed truck to University of Manitoba,0.0391,14.4 km by flatbed truck; 0.002174 kgCO2e/kg x 18 kg. Old Pixelframe truck rate (0.151 kgCO2e/tonne-km) over 14.4 km. Dated with the assembly it arrived for.,,Pixelframe team,TRUE,
PX-0144,A5,Yes,Known,2026,8,,Known,"University of Manitoba, Winnipeg (R3T 2N2)","49.8076, -97.1366",8m beam,,,,Pixelframe team,TRUE,18
PX-0145,A4,No,Known,2026,8,,Known,"University of Manitoba, Winnipeg (R3T 2N2)","49.8076, -97.1366",Moved by flatbed truck to University of Manitoba,0.0391,14.4 km by flatbed truck; 0.002174 kgCO2e/kg x 18 kg. Old Pixelframe truck rate (0.151 kgCO2e/tonne-km) over 14.4 km. Dated with the assembly it arrived for.,,Pixelframe team,TRUE,
PX-0145,A5,Yes,Known,2026,8,,Known,"University of Manitoba, Winnipeg (R3T 2N2)","49.8076, -97.1366",8m beam,,,,Pixelframe team,TRUE,18
PX-0146,A4,No,Known,2026,8,,Known,"University of Manitoba, Winnipeg (R3T 2N2)","49.8076, -97.1366",Moved by flatbed truck to University of Manitoba,0.0391,14.4 km by flatbed truck; 0.002174 kgCO2e/kg x 18 kg. Old Pixelframe truck rate (0.151 kgCO2e/tonne-km) over 14.4 km. Dated with the assembly it arrived for.,,Pixelframe team,TRUE,
PX-0146,A5,Yes,Known,2026,8,,Known,"University of Manitoba, Winnipeg (R3T 2N2)","49.8076, -97.1366",8m beam,,,,Pixelframe team,TRUE,18
PX-0147,A4,No,Known,2026,8,,Known,"University of Manitoba, Winnipeg (R3T 2N2)","49.8076, -97.1366",Moved by flatbed truck to University of Manitoba,0.0391,14.4 km by flatbed truck; 0.002174 kgCO2e/kg x 18 kg. Old Pixelframe truck rate (0.151 kgCO2e/tonne-km) over 14.4 km. Dated with the assembly it arrived for.,,Pixelframe team,TRUE,
PX-0147,A5,Yes,Known,2026,8,,Known,"University of Manitoba, Winnipeg (R3T 2N2)","49.8076, -97.1366",8m beam,,,,Pixelframe team,TRUE,18
PX-0148,A4,No,Known,2026,8,,Known,"University of Manitoba, Winnipeg (R3T 2N2)","49.8076, -97.1366",Moved by flatbed truck to University of Manitoba,0.0391,14.4 km by flatbed truck; 0.002174 kgCO2e/kg x 18 kg. Old Pixelframe truck rate (0.151 kgCO2e/tonne-km) over 14.4 km. Dated with the assembly it arrived for.,,Pixelframe team,TRUE,
PX-0148,A5,Yes,Known,2026,8,,Known,"University of Manitoba, Winnipeg (R3T 2N2)","49.8076, -97.1366",8m beam,,,,Pixelframe team,TRUE,18
PX-0149,A4,No,Known,2026,8,,Known,"University of Manitoba, Winnipeg (R3T 2N2)","49.8076, -97.1366",Moved by flatbed truck to University of Manitoba,0.0391,14.4 km by flatbed truck; 0.002174 kgCO2e/kg x 18 kg. Old Pixelframe truck rate (0.151 kgCO2e/tonne-km) over 14.4 km. Dated with the assembly it arrived for.,,Pixelframe team,TRUE,
PX-0149,A5,Yes,Known,2026,8,,Known,"University of Manitoba, Winnipeg (R3T 2N2)","49.8076, -97.1366",8m beam,,,,Pixelframe team,TRUE,18
PX-0150,A4,No,Known,2026,8,,Known,"University of Manitoba, Winnipeg (R3T 2N2)","49.8076, -97.1366",Moved by flatbed truck to University of Manitoba,0.0391,14.4 km by flatbed truck; 0.002174 kgCO2e/kg x 18 kg. Old Pixelframe truck rate (0.151 kgCO2e/tonne-km) over 14.4 km. Dated with the assembly it arrived for.,,Pixelframe team,TRUE,
PX-0150,A5,Yes,Known,2026,8,,Known,"University of Manitoba, Winnipeg (R3T 2N2)","49.8076, -97.1366",8m beam,,,,Pixelframe team,TRUE,18
PX-0151,A4,No,Known,2026,8,,Known,"University of Manitoba, Winnipeg (R3T 2N2)","49.8076, -97.1366",Moved by flatbed truck to University of Manitoba,0.0391,14.4 km by flatbed truck; 0.002174 kgCO2e/kg x 18 kg. Old Pixelframe truck rate (0.151 kgCO2e/tonne-km) over 14.4 km. Dated with the assembly it arrived for.,,Pixelframe team,TRUE,
PX-0151,A5,Yes,Known,2026,8,,Known,"University of Manitoba, Winnipeg (R3T 2N2)","49.8076, -97.1366",8m beam,,,,Pixelframe team,TRUE,18
PX-0152,A4,No,Known,2026,8,,Known,"University of Manitoba, Winnipeg (R3T 2N2)","49.8076, -97.1366",Moved by flatbed truck to University of Manitoba,0.0391,14.4 km by flatbed truck; 0.002174 kgCO2e/kg x 18 kg. Old Pixelframe truck rate (0.151 kgCO2e/tonne-km) over 14.4 km. Dated with the assembly it arrived for.,,Pixelframe team,TRUE,
PX-0152,A5,Yes,Known,2026,8,,Known,"University of Manitoba, Winnipeg (R3T 2N2)","49.8076, -97.1366",8m beam,,,,Pixelframe team,TRUE,18
PX-0153,A4,No,Known,2026,8,,Known,"University of Manitoba, Winnipeg (R3T 2N2)","49.8076, -97.1366",Moved by flatbed truck to University of Manitoba,0.0391,14.4 km by flatbed truck; 0.002174 kgCO2e/kg x 18 kg. Old Pixelframe truck rate (0.151 kgCO2e/tonne-km) over 14.4 km. Dated with the assembly it arrived for.,,Pixelframe team,TRUE,
PX-0153,A5,Yes,Known,2026,8,,Known,"University of Manitoba, Winnipeg (R3T 2N2)","49.8076, -97.1366",8m beam,,,,Pixelframe team,TRUE,18
PX-0154,A4,No,Known,2026,8,,Known,"University of Manitoba, Winnipeg (R3T 2N2)","49.8076, -97.1366",Moved by flatbed truck to University of Manitoba,0.0391,14.4 km by flatbed truck; 0.002174 kgCO2e/kg x 18 kg. Old Pixelframe truck rate (0.151 kgCO2e/tonne-km) over 14.4 km. Dated with the assembly it arrived for.,,Pixelframe team,TRUE,
PX-0154,A5,Yes,Known,2026,8,,Known,"University of Manitoba, Winnipeg (R3T 2N2)","49.8076, -97.1366",8m beam,,,,Pixelframe team,TRUE,18
PX-0155,A4,No,Known,2026,8,,Known,"University of Manitoba, Winnipeg (R3T 2N2)","49.8076, -97.1366",Moved by flatbed truck to University of Manitoba,0.0391,14.4 km by flatbed truck; 0.002174 kgCO2e/kg x 18 kg. Old Pixelframe truck rate (0.151 kgCO2e/tonne-km) over 14.4 km. Dated with the assembly it arrived for.,,Pixelframe team,TRUE,
PX-0155,A5,Yes,Known,2026,8,,Known,"University of Manitoba, Winnipeg (R3T 2N2)","49.8076, -97.1366",8m beam,,,,Pixelframe team,TRUE,18
PX-0156,A4,No,Known,2026,8,,Known,"University of Manitoba, Winnipeg (R3T 2N2)","49.8076, -97.1366",Moved by flatbed truck to University of Manitoba,0.0391,14.4 km by flatbed truck; 0.002174 kgCO2e/kg x 18 kg. Old Pixelframe truck rate (0.151 kgCO2e/tonne-km) over 14.4 km. Dated with the assembly it arrived for.,,Pixelframe team,TRUE,
PX-0156,A5,Yes,Known,2026,8,,Known,"University of Manitoba, Winnipeg (R3T 2N2)","49.8076, -97.1366",8m beam,,,,Pixelframe team,TRUE,18
PX-0157,A4,No,Known,2026,8,,Known,"University of Manitoba, Winnipeg (R3T 2N2)","49.8076, -97.1366",Moved by flatbed truck to University of Manitoba,0.0391,14.4 km by flatbed truck; 0.002174 kgCO2e/kg x 18 kg. Old Pixelframe truck rate (0.151 kgCO2e/tonne-km) over 14.4 km. Dated with the assembly it arrived for.,,Pixelframe team,TRUE,
PX-0157,A5,Yes,Known,2026,8,,Known,"University of Manitoba, Winnipeg (R3T 2N2)","49.8076, -97.1366",8m beam,,,,Pixelframe team,TRUE,18
PX-0158,A4,No,Known,2026,8,,Known,"University of Manitoba, Winnipeg (R3T 2N2)","49.8076, -97.1366",Moved by flatbed truck to University of Manitoba,0.0391,14.4 km by flatbed truck; 0.002174 kgCO2e/kg x 18 kg. Old Pixelframe truck rate (0.151 kgCO2e/tonne-km) over 14.4 km. Dated with the assembly it arrived for.,,Pixelframe team,TRUE,
PX-0158,A5,Yes,Known,2026,8,,Known,"University of Manitoba, Winnipeg (R3T 2N2)","49.8076, -97.1366",8m beam,,,,Pixelframe team,TRUE,18
PX-0159,A4,No,Known,2026,8,,Known,"University of Manitoba, Winnipeg (R3T 2N2)","49.8076, -97.1366",Moved by flatbed truck to University of Manitoba,0.0391,14.4 km by flatbed truck; 0.002174 kgCO2e/kg x 18 kg. Old Pixelframe truck rate (0.151 kgCO2e/tonne-km) over 14.4 km. Dated with the assembly it arrived for.,,Pixelframe team,TRUE,
PX-0159,A5,Yes,Known,2026,8,,Known,"University of Manitoba, Winnipeg (R3T 2N2)","49.8076, -97.1366",8m beam,,,,Pixelframe team,TRUE,18
PX-0160,A4,No,Known,2026,8,,Known,"University of Manitoba, Winnipeg (R3T 2N2)","49.8076, -97.1366",Moved by flatbed truck to University of Manitoba,0.0391,14.4 km by flatbed truck; 0.002174 kgCO2e/kg x 18 kg. Old Pixelframe truck rate (0.151 kgCO2e/tonne-km) over 14.4 km. Dated with the assembly it arrived for.,,Pixelframe team,TRUE,
PX-0160,A5,Yes,Known,2026,8,,Known,"University of Manitoba, Winnipeg (R3T 2N2)","49.8076, -97.1366",8m beam,,,,Pixelframe team,TRUE,18
PX-0161,A4,No,Known,2026,8,,Known,"University of Manitoba, Winnipeg (R3T 2N2)","49.8076, -97.1366",Moved by flatbed truck to University of Manitoba,0.0391,14.4 km by flatbed truck; 0.002174 kgCO2e/kg x 18 kg. Old Pixelframe truck rate (0.151 kgCO2e/tonne-km) over 14.4 km. Dated with the assembly it arrived for.,,Pixelframe team,TRUE,
PX-0161,A5,Yes,Known,2026,8,,Known,"University of Manitoba, Winnipeg (R3T 2N2)","49.8076, -97.1366",8m beam,,,,Pixelframe team,TRUE,18
PX-0162,A4,No,Known,2026,8,,Known,"University of Manitoba, Winnipeg (R3T 2N2)","49.8076, -97.1366",Moved by flatbed truck to University of Manitoba,0.0391,14.4 km by flatbed truck; 0.002174 kgCO2e/kg x 18 kg. Old Pixelframe truck rate (0.151 kgCO2e/tonne-km) over 14.4 km. Dated with the assembly it arrived for.,,Pixelframe team,TRUE,
PX-0162,A5,Yes,Known,2026,8,,Known,"University of Manitoba, Winnipeg (R3T 2N2)","49.8076, -97.1366",8m beam,,,,Pixelframe team,TRUE,18
PX-0163,A4,No,Known,2026,8,,Known,"University of Manitoba, Winnipeg (R3T 2N2)","49.8076, -97.1366",Moved by flatbed truck to University of Manitoba,0.0391,14.4 km by flatbed truck; 0.002174 kgCO2e/kg x 18 kg. Old Pixelframe truck rate (0.151 kgCO2e/tonne-km) over 14.4 km. Dated with the assembly it arrived for.,,Pixelframe team,TRUE,
PX-0163,A5,Yes,Known,2026,8,,Known,"University of Manitoba, Winnipeg (R3T 2N2)","49.8076, -97.1366",8m beam,,,,Pixelframe team,TRUE,18
PX-0164,A4,No,Known,2026,8,,Known,"University of Manitoba, Winnipeg (R3T 2N2)","49.8076, -97.1366",Moved by flatbed truck to University of Manitoba,0.0391,14.4 km by flatbed truck; 0.002174 kgCO2e/kg x 18 kg. Old Pixelframe truck rate (0.151 kgCO2e/tonne-km) over 14.4 km. Dated with the assembly it arrived for.,,Pixelframe team,TRUE,
PX-0164,A5,Yes,Known,2026,8,,Known,"University of Manitoba, Winnipeg (R3T 2N2)","49.8076, -97.1366",8m beam,,,,Pixelframe team,TRUE,18
PX-0165,A4,No,Known,2026,8,,Known,"University of Manitoba, Winnipeg (R3T 2N2)","49.8076, -97.1366",Moved by flatbed truck to University of Manitoba,0.0391,14.4 km by flatbed truck; 0.002174 kgCO2e/kg x 18 kg. Old Pixelframe truck rate (0.151 kgCO2e/tonne-km) over 14.4 km. Dated with the assembly it arrived for.,,Pixelframe team,TRUE,
PX-0165,A5,Yes,Known,2026,8,,Known,"University of Manitoba, Winnipeg (R3T 2N2)","49.8076, -97.1366",8m beam,,,,Pixelframe team,TRUE,18
PX-0166,A4,No,Known,2026,8,,Known,"University of Manitoba, Winnipeg (R3T 2N2)","49.8076, -97.1366",Moved by flatbed truck to University of Manitoba,0.0391,14.4 km by flatbed truck; 0.002174 kgCO2e/kg x 18 kg. Old Pixelframe truck rate (0.151 kgCO2e/tonne-km) over 14.4 km. Dated with the assembly it arrived for.,,Pixelframe team,TRUE,
PX-0166,A5,Yes,Known,2026,8,,Known,"University of Manitoba, Winnipeg (R3T 2N2)","49.8076, -97.1366",8m beam,,,,Pixelframe team,TRUE,18
PX-0167,A4,No,Known,2026,8,,Known,"University of Manitoba, Winnipeg (R3T 2N2)","49.8076, -97.1366",Moved by flatbed truck to University of Manitoba,0.0391,14.4 km by flatbed truck; 0.002174 kgCO2e/kg x 18 kg. Old Pixelframe truck rate (0.151 kgCO2e/tonne-km) over 14.4 km. Dated with the assembly it arrived for.,,Pixelframe team,TRUE,
PX-0167,A5,Yes,Known,2026,8,,Known,"University of Manitoba, Winnipeg (R3T 2N2)","49.8076, -97.1366",8m beam,,,,Pixelframe team,TRUE,18
PX-0168,A4,No,Known,2026,8,,Known,"University of Manitoba, Winnipeg (R3T 2N2)","49.8076, -97.1366",Moved by flatbed truck to University of Manitoba,0.0391,14.4 km by flatbed truck; 0.002174 kgCO2e/kg x 18 kg. Old Pixelframe truck rate (0.151 kgCO2e/tonne-km) over 14.4 km. Dated with the assembly it arrived for.,,Pixelframe team,TRUE,
PX-0168,A5,Yes,Known,2026,8,,Known,"University of Manitoba, Winnipeg (R3T 2N2)","49.8076, -97.1366",8m beam,,,,Pixelframe team,TRUE,18
PX-0169,A4,No,Known,2026,8,,Known,"University of Manitoba, Winnipeg (R3T 2N2)","49.8076, -97.1366",Moved by flatbed truck to University of Manitoba,0.0391,14.4 km by flatbed truck; 0.002174 kgCO2e/kg x 18 kg. Old Pixelframe truck rate (0.151 kgCO2e/tonne-km) over 14.4 km. Dated with the assembly it arrived for.,,Pixelframe team,TRUE,
PX-0169,A5,Yes,Known,2026,8,,Known,"University of Manitoba, Winnipeg (R3T 2N2)","49.8076, -97.1366",8m beam,,,,Pixelframe team,TRUE,18
PX-0170,A4,No,Known,2026,8,,Known,"University of Manitoba, Winnipeg (R3T 2N2)","49.8076, -97.1366",Moved by flatbed truck to University of Manitoba,0.0391,14.4 km by flatbed truck; 0.002174 kgCO2e/kg x 18 kg. Old Pixelframe truck rate (0.151 kgCO2e/tonne-km) over 14.4 km. Dated with the assembly it arrived for.,,Pixelframe team,TRUE,
PX-0170,A5,Yes,Known,2026,8,,Known,"University of Manitoba, Winnipeg (R3T 2N2)","49.8076, -97.1366",8m beam,,,,Pixelframe team,TRUE,18
PX-0171,A4,No,Known,2026,8,,Known,"University of Manitoba, Winnipeg (R3T 2N2)","49.8076, -97.1366",Moved by flatbed truck to University of Manitoba,0.0391,14.4 km by flatbed truck; 0.002174 kgCO2e/kg x 18 kg. Old Pixelframe truck rate (0.151 kgCO2e/tonne-km) over 14.4 km. Dated with the assembly it arrived for.,,Pixelframe team,TRUE,
PX-0171,A5,Yes,Known,2026,8,,Known,"University of Manitoba, Winnipeg (R3T 2N2)","49.8076, -97.1366",8m beam,,,,Pixelframe team,TRUE,18
PX-0172,A4,No,Known,2026,8,,Known,"University of Manitoba, Winnipeg (R3T 2N2)","49.8076, -97.1366",Moved by flatbed truck to University of Manitoba,0.0391,14.4 km by flatbed truck; 0.002174 kgCO2e/kg x 18 kg. Old Pixelframe truck rate (0.151 kgCO2e/tonne-km) over 14.4 km. Dated with the assembly it arrived for.,,Pixelframe team,TRUE,
PX-0172,A5,Yes,Known,2026,8,,Known,"University of Manitoba, Winnipeg (R3T 2N2)","49.8076, -97.1366",8m beam,,,,Pixelframe team,TRUE,18
PX-0173,A4,No,Known,2026,8,,Known,"University of Manitoba, Winnipeg (R3T 2N2)","49.8076, -97.1366",Moved by flatbed truck to University of Manitoba,0.0391,14.4 km by flatbed truck; 0.002174 kgCO2e/kg x 18 kg. Old Pixelframe truck rate (0.151 kgCO2e/tonne-km) over 14.4 km. Dated with the assembly it arrived for.,,Pixelframe team,TRUE,
PX-0173,A5,Yes,Known,2026,8,,Known,"University of Manitoba, Winnipeg (R3T 2N2)","49.8076, -97.1366",8m beam,,,,Pixelframe team,TRUE,18
PX-0174,A4,No,Known,2026,8,,Known,"University of Manitoba, Winnipeg (R3T 2N2)","49.8076, -97.1366",Moved by flatbed truck to University of Manitoba,0.0391,14.4 km by flatbed truck; 0.002174 kgCO2e/kg x 18 kg. Old Pixelframe truck rate (0.151 kgCO2e/tonne-km) over 14.4 km. Dated with the assembly it arrived for.,,Pixelframe team,TRUE,
PX-0174,A5,Yes,Known,2026,8,,Known,"University of Manitoba, Winnipeg (R3T 2N2)","49.8076, -97.1366",8m beam,,,,Pixelframe team,TRUE,18
PX-0175,A4,No,Known,2026,8,,Known,"University of Manitoba, Winnipeg (R3T 2N2)","49.8076, -97.1366",Moved by flatbed truck to University of Manitoba,0.0391,14.4 km by flatbed truck; 0.002174 kgCO2e/kg x 18 kg. Old Pixelframe truck rate (0.151 kgCO2e/tonne-km) over 14.4 km. Dated with the assembly it arrived for.,,Pixelframe team,TRUE,
PX-0175,A5,Yes,Known,2026,8,,Known,"University of Manitoba, Winnipeg (R3T 2N2)","49.8076, -97.1366",8m beam,,,,Pixelframe team,TRUE,18
PX-0176,A4,No,Known,2026,8,,Known,"University of Manitoba, Winnipeg (R3T 2N2)","49.8076, -97.1366",Moved by flatbed truck to University of Manitoba,0.0391,14.4 km by flatbed truck; 0.002174 kgCO2e/kg x 18 kg. Old Pixelframe truck rate (0.151 kgCO2e/tonne-km) over 14.4 km. Dated with the assembly it arrived for.,,Pixelframe team,TRUE,
PX-0176,A5,Yes,Known,2026,8,,Known,"University of Manitoba, Winnipeg (R3T 2N2)","49.8076, -97.1366",8m beam,,,,Pixelframe team,TRUE,18
PX-0177,A4,No,Known,2026,8,,Known,"University of Manitoba, Winnipeg (R3T 2N2)","49.8076, -97.1366",Moved by flatbed truck to University of Manitoba,0.0391,14.4 km by flatbed truck; 0.002174 kgCO2e/kg x 18 kg. Old Pixelframe truck rate (0.151 kgCO2e/tonne-km) over 14.4 km. Dated with the assembly it arrived for.,,Pixelframe team,TRUE,
PX-0177,A5,Yes,Known,2026,8,,Known,"University of Manitoba, Winnipeg (R3T 2N2)","49.8076, -97.1366",8m beam,,,,Pixelframe team,TRUE,18
PX-0178,A4,No,Known,2026,8,,Known,"University of Manitoba, Winnipeg (R3T 2N2)","49.8076, -97.1366",Moved by flatbed truck to University of Manitoba,0.0391,14.4 km by flatbed truck; 0.002174 kgCO2e/kg x 18 kg. Old Pixelframe truck rate (0.151 kgCO2e/tonne-km) over 14.4 km. Dated with the assembly it arrived for.,,Pixelframe team,TRUE,
PX-0178,A5,Yes,Known,2026,8,,Known,"University of Manitoba, Winnipeg (R3T 2N2)","49.8076, -97.1366",8m beam,,,,Pixelframe team,TRUE,18
PX-0179,A4,No,Known,2026,8,,Known,"University of Manitoba, Winnipeg (R3T 2N2)","49.8076, -97.1366",Moved by flatbed truck to University of Manitoba,0.0391,14.4 km by flatbed truck; 0.002174 kgCO2e/kg x 18 kg. Old Pixelframe truck rate (0.151 kgCO2e/tonne-km) over 14.4 km. Dated with the assembly it arrived for.,,Pixelframe team,TRUE,
PX-0179,A5,Yes,Known,2026,8,,Known,"University of Manitoba, Winnipeg (R3T 2N2)","49.8076, -97.1366",8m beam,,,,Pixelframe team,TRUE,18
PX-0180,A4,No,Known,2026,8,,Known,"University of Manitoba, Winnipeg (R3T 2N2)","49.8076, -97.1366",Moved by flatbed truck to University of Manitoba,0.0391,14.4 km by flatbed truck; 0.002174 kgCO2e/kg x 18 kg. Old Pixelframe truck rate (0.151 kgCO2e/tonne-km) over 14.4 km. Dated with the assembly it arrived for.,,Pixelframe team,TRUE,
PX-0180,A5,Yes,Known,2026,8,,Known,"University of Manitoba, Winnipeg (R3T 2N2)","49.8076, -97.1366",8m beam,,,,Pixelframe team,TRUE,18
PX-0181,A4,No,Known,2026,8,,Known,"University of Manitoba, Winnipeg (R3T 2N2)","49.8076, -97.1366",Moved by flatbed truck to University of Manitoba,0.0391,14.4 km by flatbed truck; 0.002174 kgCO2e/kg x 18 kg. Old Pixelframe truck rate (0.151 kgCO2e/tonne-km) over 14.4 km. Dated with the assembly it arrived for.,,Pixelframe team,TRUE,
PX-0181,A5,Yes,Known,2026,8,,Known,"University of Manitoba, Winnipeg (R3T 2N2)","49.8076, -97.1366",8m beam,,,,Pixelframe team,TRUE,18
PX-0182,A4,No,Known,2026,8,,Known,"University of Manitoba, Winnipeg (R3T 2N2)","49.8076, -97.1366",Moved by flatbed truck to University of Manitoba,0.0391,14.4 km by flatbed truck; 0.002174 kgCO2e/kg x 18 kg. Old Pixelframe truck rate (0.151 kgCO2e/tonne-km) over 14.4 km. Dated with the assembly it arrived for.,,Pixelframe team,TRUE,
PX-0182,A5,Yes,Known,2026,8,,Known,"University of Manitoba, Winnipeg (R3T 2N2)","49.8076, -97.1366",8m beam,,,,Pixelframe team,TRUE,18
PX-0183,A4,No,Known,2026,8,,Known,"University of Manitoba, Winnipeg (R3T 2N2)","49.8076, -97.1366",Moved by flatbed truck to University of Manitoba,0.0391,14.4 km by flatbed truck; 0.002174 kgCO2e/kg x 18 kg. Old Pixelframe truck rate (0.151 kgCO2e/tonne-km) over 14.4 km. Dated with the assembly it arrived for.,,Pixelframe team,TRUE,
PX-0183,A5,Yes,Known,2026,8,,Known,"University of Manitoba, Winnipeg (R3T 2N2)","49.8076, -97.1366",8m beam,,,,Pixelframe team,TRUE,18
PX-0184,A4,No,Known,2026,8,,Known,"University of Manitoba, Winnipeg (R3T 2N2)","49.8076, -97.1366",Moved by flatbed truck to University of Manitoba,0.0391,14.4 km by flatbed truck; 0.002174 kgCO2e/kg x 18 kg. Old Pixelframe truck rate (0.151 kgCO2e/tonne-km) over 14.4 km. Dated with the assembly it arrived for.,,Pixelframe team,TRUE,
PX-0184,A5,Yes,Known,2026,8,,Known,"University of Manitoba, Winnipeg (R3T 2N2)","49.8076, -97.1366",8m beam,,,,Pixelframe team,TRUE,18
PX-0185,A4,No,Known,2026,8,,Known,"University of Manitoba, Winnipeg (R3T 2N2)","49.8076, -97.1366",Moved by flatbed truck to University of Manitoba,0.0391,14.4 km by flatbed truck; 0.002174 kgCO2e/kg x 18 kg. Old Pixelframe truck rate (0.151 kgCO2e/tonne-km) over 14.4 km. Dated with the assembly it arrived for.,,Pixelframe team,TRUE,
PX-0185,A5,Yes,Known,2026,8,,Known,"University of Manitoba, Winnipeg (R3T 2N2)","49.8076, -97.1366",8m beam,,,,Pixelframe team,TRUE,18
PX-0186,A4,No,Known,2026,8,,Known,"University of Manitoba, Winnipeg (R3T 2N2)","49.8076, -97.1366",Moved by flatbed truck to University of Manitoba,0.0391,14.4 km by flatbed truck; 0.002174 kgCO2e/kg x 18 kg. Old Pixelframe truck rate (0.151 kgCO2e/tonne-km) over 14.4 km. Dated with the assembly it arrived for.,,Pixelframe team,TRUE,
PX-0186,A5,Yes,Known,2026,8,,Known,"University of Manitoba, Winnipeg (R3T 2N2)","49.8076, -97.1366",8m beam,,,,Pixelframe team,TRUE,18
PX-0187,A4,No,Known,2026,8,,Known,"University of Manitoba, Winnipeg (R3T 2N2)","49.8076, -97.1366",Moved by flatbed truck to University of Manitoba,0.0391,14.4 km by flatbed truck; 0.002174 kgCO2e/kg x 18 kg. Old Pixelframe truck rate (0.151 kgCO2e/tonne-km) over 14.4 km. Dated with the assembly it arrived for.,,Pixelframe team,TRUE,
PX-0187,A5,Yes,Known,2026,8,,Known,"University of Manitoba, Winnipeg (R3T 2N2)","49.8076, -97.1366",8m beam,,,,Pixelframe team,TRUE,18
PX-0188,A4,No,Known,2026,8,,Known,"University of Manitoba, Winnipeg (R3T 2N2)","49.8076, -97.1366",Moved by flatbed truck to University of Manitoba,0.0391,14.4 km by flatbed truck; 0.002174 kgCO2e/kg x 18 kg. Old Pixelframe truck rate (0.151 kgCO2e/tonne-km) over 14.4 km. Dated with the assembly it arrived for.,,Pixelframe team,TRUE,
PX-0188,A5,Yes,Known,2026,8,,Known,"University of Manitoba, Winnipeg (R3T 2N2)","49.8076, -97.1366",8m beam,,,,Pixelframe team,TRUE,18
PX-0189,A4,No,Known,2026,8,,Known,"University of Manitoba, Winnipeg (R3T 2N2)","49.8076, -97.1366",Moved by flatbed truck to University of Manitoba,0.0391,14.4 km by flatbed truck; 0.002174 kgCO2e/kg x 18 kg. Old Pixelframe truck rate (0.151 kgCO2e/tonne-km) over 14.4 km. Dated with the assembly it arrived for.,,Pixelframe team,TRUE,
PX-0189,A5,Yes,Known,2026,8,,Known,"University of Manitoba, Winnipeg (R3T 2N2)","49.8076, -97.1366",8m beam,,,,Pixelframe team,TRUE,18
PX-0190,A4,No,Known,2026,8,,Known,"University of Manitoba, Winnipeg (R3T 2N2)","49.8076, -97.1366",Moved by flatbed truck to University of Manitoba,0.0391,14.4 km by flatbed truck; 0.002174 kgCO2e/kg x 18 kg. Old Pixelframe truck rate (0.151 kgCO2e/tonne-km) over 14.4 km. Dated with the assembly it arrived for.,,Pixelframe team,TRUE,
PX-0190,A5,Yes,Known,2026,8,,Known,"University of Manitoba, Winnipeg (R3T 2N2)","49.8076, -97.1366",8m beam,,,,Pixelframe team,TRUE,18
PX-0191,A4,No,Known,2026,8,,Known,"University of Manitoba, Winnipeg (R3T 2N2)","49.8076, -97.1366",Moved by flatbed truck to University of Manitoba,0.0391,14.4 km by flatbed truck; 0.002174 kgCO2e/kg x 18 kg. Old Pixelframe truck rate (0.151 kgCO2e/tonne-km) over 14.4 km. Dated with the assembly it arrived for.,,Pixelframe team,TRUE,
PX-0191,A5,Yes,Known,2026,8,,Known,"University of Manitoba, Winnipeg (R3T 2N2)","49.8076, -97.1366",8m beam,,,,Pixelframe team,TRUE,18
SP-0001,C1,No,Approximate,2026,9,,Known,"University of Manitoba, Winnipeg (R3T 2N2)","49.8076, -97.1366",Recovered from the Heavy Structures Lab for SUPERPERMANENCE,,,,SUPERPERMANENCE,TRUE,
SP-0001,A4,No,Approximate,2026,9,,Known,"University of Manitoba, Winnipeg (R3T 2N2)","49.8076, -97.1366",Moved to CAST (next to the Heavy Structures Lab),,Adjacent building; no carbon recorded.,,SUPERPERMANENCE,TRUE,
